Title,Studios,Year,Genre,Director,Producers,Cast,AvgRating,Duration,Description,Poster URL,Page URL
Deathgasm,"Timpson Films, MPI Media Group, Metalheads, New Zealand Film Commission",2015,"Comedy, Horror, Music",Jason Lei Howden,"Andrew Beattie, Sarah Howden, Morgan Leigh Stewart, Robyn Grace, Tim Riley, Craig Jackson","Milo Cawthorne, Kimberley Crossman, Sam Berkley, Delaney Tabron, Colin Moy, Jodie Rimmer, Kate Elliott, James Blake, Daniel Cresswell, Stephen Ure, Nick Hoskins-Smith, Erroll Shand, Aaron McGregor, Andrew Laing, Tim Foley, Cameron Rhodes, Campbell Rousselle, Paula Hallagher, Tori Marsh, Leda Petit, Hannah Tasker-Poland, Ant Timpson",3.2,86,Two teenage boys unwittingly summon an ancient evil entity known as The Blind One by delving into black magic while trying to escape their mundane lives.,https://a.ltrbxd.com/resized/sm/upload/vt/7i/x5/mg/fgJ1QLMeahbwgQXPRa3owDf2b9D-0-230-0-345-crop.jpg?v=a577370da2,https://letterboxd.com/film/deathgasm/
Midnight Runners,"Lotte Entertainment, Movierock, Studio By The Library, Very Good Studio",2017,"Comedy, Crime, Action",Jason Kim,"Lee Jun-u, Kim Jae-joong, Kim Woo-jae","Park Seo-jun, Kang Ha-neul, Sung Dong-il, Park Ha-seon, Go Joon, Lee Ho-jung, Bae Yoo-ram, Cho Joon, Byeon Woo-seok, Kim Kyu-baek, Oh Yu-jin, Jeong Da-eun, Lee Eun-saem, Cha Si-won, Hwang Chan-seong, Shin An-jin, Jeong Dong-hoon, Lee Seung-hee, Kwon You-na, Lee Jun-hyeok, Seo Jeong-gyu, Ha Hyun-soo",3.8,108,"Two apathetic police academy recruits who become best buddies through the tough training together witness a woman being abducted right before their very eyes. As they were taught in the academy, they quickly report the incident to the police, but the police are in no hurry to jump on the case. So the duo decide to take the matter into their own hands and rescue the woman.",https://a.ltrbxd.com/resized/film-poster/3/8/5/2/5/7/385257-midnight-runners-0-230-0-345-crop.jpg?v=21949ec75a,https://letterboxd.com/film/midnight-runners/
Justice League: War,"DC Entertainment, Warner Bros. Animation",2014,"Action, Animation",Jay Oliva,James Tucker,"Michelle Monaghan, Alan Tudyk, Sean Astin, Shemar Moore, Christopher Gorham, Justin Kirk, Jason O'Mara, George Newbern, Zach Callison, Bruce Thomas, Rocky Carroll, Georgie Kidder, Hynden Walch, Dee Bradley Baker, Ioan Gruffudd, Melique Berger, Richard McGonagle, Kimberly Brooks, John Mariano, Roger Rose, Matthew Mercer, Andrea Romano, Gary Anthony Sturgis, Steve Blum",3.3,79,"The world is under attack by an alien armada led by the powerful Apokoliptian, Darkseid. A group of superheroes consisting of Superman, Batman, Wonder Woman, The Flash, Green Lantern, Cyborg, and Shazam must set aside their differences and gather together to defend Earth.",https://a.ltrbxd.com/resized/film-poster/1/5/4/4/0/1/154401-justice-league-war-0-230-0-345-crop.jpg?v=5bba7b4370,https://letterboxd.com/film/justice-league-war/
Rock 'n' Roll High School,New World Pictures,1979,"Music, Comedy",Allan Arkush,Michael Finnell,"P. J. Soles, Vincent Van Patten, Clint Howard, Dey Young, Mary Woronov, Paul Bartel, Dick Miller, Don Steele, Alix Elias, Daniel Davies, Lynn Farrell, Loren Lester, Herbie Braha, Grady Sutton, Joey Ramone, Johnny Ramone, Dee Dee Ramone, Marky Ramone, Chris Somma, Marla Rosenfield, Barbara Ann Grimes, Terry Soda, Joe Van Sickle, Debbie Evans, Allan Arkush",3.5,93,"A group of rock-music-loving students, with the help of the Ramones, take over their school to combat its newly installed oppressive administration.",https://a.ltrbxd.com/resized/sm/upload/9t/lh/ai/bo/s1UIR191nlFwBt77oQh3UngiSWO-0-230-0-345-crop.jpg?v=f26feeeca7,https://letterboxd.com/film/rock-n-roll-high-school/
The Natural,TriStar Pictures,1984,Drama,Barry Levinson,"Mark Johnson, Robert F. Colesberry","Robert Redford, Robert Duvall, Glenn Close, Kim Basinger, Wilford Brimley, Barbara Hershey, Robert Prosky, Richard Farnsworth, Joe Don Baker, Darren McGavin, Michael Madsen, John Finnegan, Alan Fudge, Ken Grassano, Mike Starr, Mickey Treanor, Jon Van Ness, Anthony J. Ferrara, George Wilkosz, Paul Sullivan Jr, Rachel Hall, Sibby Sisti, Ralph Tabakin, Edward Walsh",3.5,137,An unknown middle-aged batter named Roy Hobbs with a mysterious past appears out of nowhere to take a losing 1930s baseball team to the top of the league.,https://a.ltrbxd.com/resized/sm/upload/xa/u0/s6/45/f1iPiQoYbQ40XsJHPyMIiBmSrDB-0-230-0-345-crop.jpg?v=5422450fdd,https://letterboxd.com/film/the-natural/
Tropico,Black Hand Cinema,2013,"Music, Drama, Fantasy",Anthony Mandler,Heather Heller,"Lana Del Rey, Shaun Ross, Jeffrey Wayne Sutherland, Lloyd Douglas, Jodi Fleischer, Kevin Lee Light, Jeff Skora, Noel Schwab, Steve Carnaham, Andy Brosseau, Roger Rignack, Jan Freifeld, Richard Halverson, Colette, Bernadette, Alyssa Morgan, Trystin Schou, Brandon Knaff, Morgan Smith, Charlie Grant, Mark Doble, John Dane, Lawson Taylor, Simba",4.2,27,"Based on the Biblical story of sin and redemption, Adam and Eve explore modern LA; the land of gods and monsters.",https://a.ltrbxd.com/resized/film-poster/1/6/9/1/3/9/169139-tropico-0-230-0-345-crop.jpg?v=50e6207ff5,https://letterboxd.com/film/tropico/
Girl with a Pearl Earring,"Archer Street Productions, Delux Productions, Pathé, Wild Bear Films",2003,"Romance, Drama",Peter Webber,"Andy Paterson, Anand Tucker, Bob Bellion, Jason Constantine, Jimmy de Brabant, Matthew T. Gannon","Scarlett Johansson, Colin Firth, Tom Wilkinson, Cillian Murphy, Judy Parfitt, Essie Davis, Joanna Scanlan, Gabrielle Reidy, Chris McHallem, Alakina Mann, Rollo Weeks, Anna Popplewell, Claire Johnston, John McEnery, Geoff Bell, Gintare Parulyte, Robert Sibenaler",3.2,101,"This film, adapted from a work of fiction by author Tracy Chevalier, tells a story about the events surrounding the creation of the painting “Girl With A Pearl Earring” by 17th century Dutch master Johannes Vermeer. A young peasant maid working in the house of painter Johannes Vermeer becomes his talented assistant and the model for one of his most famous works.",https://a.ltrbxd.com/resized/film-poster/4/9/6/2/9/49629-girl-with-a-pearl-earring-0-230-0-345-crop.jpg?v=ef0f8a5905,https://letterboxd.com/film/girl-with-a-pearl-earring/
Cargo,"Metrol Technology, Causeway Films, Head Gear Films, Kreo Films, Addictive Pictures, White Hot Productions",2017,"Horror, Thriller, Drama","Yolanda Ramke, Ben Howling","Stephen Kelliher, Hilary Davis, Tom Harberd, Mark Patterson, John Schoenfelder, Samantha Jennings, Russell Ackerman, Kristina Ceyton","Martin Freeman, Simone Landers, Anthony Hayes, Susie Porter, Caren Pistorius, Kris McQuade, Natasha Wanganeen, Bruce R. Carter, David Gulpilil, Andy Rodoreda",3.1,105,"After being infected in the wake of a violent pandemic and with only 48 hours to live, a father struggles to find a new home for his baby daughter.",https://a.ltrbxd.com/resized/film-poster/3/5/9/4/5/1/359451-cargo-0-230-0-345-crop.jpg?v=0fdaaebe98,https://letterboxd.com/film/cargo-2017/
Sorority Row,"Karz Entertainment, Summit Entertainment, House Row Productions",2009,"Mystery, Horror",Stewart Hendler,"Bill Bannerman, Darrin Holender, Mike Karz","Briana Evigan, Leah Pipes, Rumer Willis, Jamie Chung, Julian Morris, Margo Harshman, Carrie Fisher, Audrina Patridge, Matt O'Leary, Maxx Hennard, Matt Lanter, Justine Wachsberger, Rick Applegate, Debra Gordon, Caroline D'Amore, Adam Barrie, Nikki Moore, Deja Kreutzberg, Teri Andrzejewski, Robert Belushi, Marie Blanchard, Ken Bolden, Megan Wolfley, Zack Garrett, Ashtin Petrella, Melissa Lukon, Joe Forgione, Kelly Dessoye, Katie Woolridge, Jeff Krajci, Joanna Waldsmith, Natalia Dove, Justin Tully, Chaton Anderson, Nayli Russo, Matt Cannon",2.7,101,"When five sorority girls inadvertently cause the murder of one of their sisters in a prank gone wrong, they agree to keep the matter to themselves and never speak of it again, so they can get on with their lives. This proves easier said than done, when after graduation a mysterious killer goes after the five of them and anyone who knows their secret.",https://a.ltrbxd.com/resized/film-poster/3/5/1/2/3/35123-sorority-row-0-230-0-345-crop.jpg?v=be75537e43,https://letterboxd.com/film/sorority-row/
Rivals,"Happy Prince, The Walt Disney Company EMEA",2024,Drama,"Elliot Hegarty, Dee Koppang O’Leary",N/A,"David Tennant, Aidan Turner, Danny Dyer, Alex Hassell, Nafessa Williams, Bella Maclean, Katherine Parkinson, Victoria Smurfit, Claire Rushbrook, Oliver Chris, Lisa McGrillis, Emily Atack, Rufus Jones, Luke Pasqualino, Catriona Chandler, Bryony Hannah, Milo Callaghan, Lara Peake, Wendy Albiston, Gary Shelford",4.0,N/A,"It is 1986 and Britain is booming. “Rivals” dives headfirst into the cutthroat world of TV where hair-dos are big and ambitions are even bigger. Deals are brokered in boardrooms, as well as bedrooms. Nobody can be sure who will come out on top. With every man and woman out only for themselves, can true love really blossom?",https://a.ltrbxd.com/resized/film-poster/1/2/7/3/4/6/0/1273460-rivals-2024-1-0-230-0-345-crop.jpg?v=56108c99ab,https://letterboxd.com/film/rivals-2024-1/
The Forest,"Lava Bear Films, AI Film, Phantom Four",2016,"Thriller, Mystery, Horror",Jason Zada,"Tory Metzger, David Linde, David S. Goyer, James Ward Byrkit, Jennifer Semler","Natalie Dormer, Eoin Macken, Stephanie Vogt, Osamu Tanpopo, Yasuo Tobishima, Ibuki Kaneda, Akiko Iwase, Kikuo Ichikawa, Noriko Sakura, Jozef Aoki, Yûho Yamashita, Taylor Kinney, Gen Seto, Terry Diab, Nadja Mazalica, Lidija Antonić, Takako Akashi, Yuriri Naka, Yukiyoshi Ozawa, Nemanja Naumoski, Tales Yamamoto, Meg Kubota, Mieko Wertheim, Rina Takasaki, Čarni Đerić, Yoshio Hasegawa, Masashi Fujimoto, Tatsujiro Oto, James Owen, Shintaro Taketani, Misaki Ishii",2.0,95,"Set in the Aokigahara Forest, a real-life place in Japan where people go to end their lives. Against this backdrop, a young American woman comes in search of her twin sister, who has mysteriously disappeared.",https://a.ltrbxd.com/resized/sm/upload/di/46/un/ir/ox9y8ia8lGqtkmLZD3YghA7sZkU-0-230-0-345-crop.jpg?v=7255ce21d7,https://letterboxd.com/film/the-forest-2016/
A Man and a Woman,Les Films 13,1966,"Drama, Romance",Claude Lelouch,Claude Lelouch,"Anouk Aimée, Jean-Louis Trintignant, Pierre Barouh, Valérie Lagrange, Antoine Sire, Souad Amidou, Henri Chemin, Yane Barry, Paul Le Person, Simone Paris, Gérard Sire, Gérard Larrousse, Clive Roberts, Jean Collomb",4.0,102,"A man and a woman meet by accident on a Sunday evening at their childrens’ boarding school. Slowly, they reveal themselves to each other, finding that they have something deeply in common.",https://a.ltrbxd.com/resized/film-poster/2/2/3/6/4/22364-a-man-and-a-woman-0-230-0-345-crop.jpg?v=d73dab97bb,https://letterboxd.com/film/a-man-and-a-woman/
The Spy Who Came In from the Cold,Salem Films Limited,1965,"Thriller, Drama",Martin Ritt,Martin Ritt,"Richard Burton, Claire Bloom, Oskar Werner, Sam Wanamaker, George Voskovec, Rupert Davies, Cyril Cusack, Peter van Eyck, Michael Hordern, Robert Hardy, Bernard Lee, Beatrix Lehmann, Esmond Knight, Niall MacGinnis, Scot Finch, Anne Blake, George Mikell, Richard Marner, Warren Mitchell, Steve Plytas, Tom Stern",3.9,112,"British agent Alec Leamas refuses to come in from the Cold War during the 1960s, choosing to face another mission, which may prove to be his final one.",https://a.ltrbxd.com/resized/film-poster/4/3/7/6/5/43765-the-spy-who-came-in-from-the-cold-0-230-0-345-crop.jpg?v=2c80b993a6,https://letterboxd.com/film/the-spy-who-came-in-from-the-cold/
City Slickers,"Castle Rock Entertainment, Nelson Entertainment, Face Productions, Columbia Pictures",1991,"Western, Comedy",Ron Underwood,Irby Smith,"Billy Crystal, Daniel Stern, Bruno Kirby, Patricia Wettig, Helen Slater, Lindsay Crystal, Noble Willingham, Jack Palance, Tracey Walter, Josh Mostel, David Paymer, Bill Henderson, Phill Lewis, Jake Gyllenhaal, Jeffrey Tambor, Kyle Secor, Dean Hallo, Karla Tamburrelli, Yeardley Smith, Robert Costanzo, Walker Brandt, Molly McClure, Jane Alden, Danielle Harris, Eddie Palmer, Howard Honig, Fred Maio, Jayne Meadows, Alan Charof, JJ Azan, Anne Lockhart, Robert Mickelson, Lana Underwood",3.3,114,Three New York businessmen decide to take a “Wild West” vacation that turns out not to be the relaxing vacation they had envisioned.,https://a.ltrbxd.com/resized/film-poster/5/1/0/5/7/51057-city-slickers-0-230-0-345-crop.jpg?v=9c330c4fd1,https://letterboxd.com/film/city-slickers/
Shiva Baby,Tisch School of the Arts (NYU),2018,"Drama, Comedy",Emma Seligman,Zoey Pressey,"Rachel Sennott, Jason Kellerman, Robin Wesley-Peck, Ted Seligman, Dasha Leidy, Abraham Epshtein, Savannah Esther, Savannah Liedy, Lilly Beth Kestenbaum, David Geliebter, Nancy Dennis, Linda Simon, Russ DiBello, Al Choy, Maria Zuniga, Al Sacks, Alan Weinblatt",3.4,8,"At a shiva with her parents, a college student runs into her sugar daddy.",https://a.ltrbxd.com/resized/film-poster/4/3/4/6/4/6/434646-shiva-baby-0-230-0-345-crop.jpg?v=b194cbb206,https://letterboxd.com/film/shiva-baby/
Tears of the Sun,"Columbia Pictures, Revolution Studios, Cheyenne Enterprises, Michael Lobell Productions",2003,"Action, War, Drama",Antoine Fuqua,"Ian Bryce, Mike Lobell, Arnold Rifkin, Heidi Fugeman, Steven P. Saeta, Stephen J. Eads, Cathy Schulman","Bruce Willis, Monica Bellucci, Cole Hauser, Eamonn Walker, Johnny Messner, Nick Chinlund, Tom Skerritt, Akosua Busia, Peter Mensah, Malick Bowens, Chad Smith, Charles Ingram, Paul Francis, Sammi Rotibi, Jimmy Jean-Louis, Awaovieyi Agie, Ida Onyango, Benjamin Ochieng, Kanayo Chiemelu, Hadar Busia-Singleton, Fabrice Yahve Habimana Jr., Fionnula Flanagan, Cornelia Hayes O'Herlihy, Pierrino Mascarino, Howard Mungo, Cle Sloan, Allison Dean, Rodney Charles, Jewel McDonald, Harry Van Gorkum, Michael Clossin",3.1,121,"Navy SEAL Lieutenant A.K. Waters and his elite squadron of tactical specialists are forced to choose between their duty and their humanity, between following orders by ignoring the conflict that surrounds them, or finding the courage to follow their conscience and protect a group of innocent refugees. When the democratic government of Nigeria collapses and the country is taken over by a ruthless military dictator, Waters, a fiercely loyal and hardened veteran is dispatched on a routine mission to retrieve a Doctors Without Borders physician. ×",https://a.ltrbxd.com/resized/sm/upload/sq/a8/px/jv/qEe7aE4PgZCwnVoxKe7YsTm3Smh-0-230-0-345-crop.jpg?v=a989225cb3,https://letterboxd.com/film/tears-of-the-sun/
Murder by Numbers,"Castle Rock Entertainment, Schroeder Hoffman Productions, Warner Bros. Pictures",2002,"Drama, Crime, Thriller",Barbet Schroeder,"Barbet Schroeder, Susan Hoffman","Sandra Bullock, Ben Chaplin, Ryan Gosling, Michael Pitt, Agnes Bruckner, Chris Penn, R. D. Call, Tom Verica, Janni Brenn, John Vickery, Michael Canavan, Krista Carpenter, Neal Matarazzo, Adilah Barnes, Jim Jansen, Paula Scarpino, Brian Stepanek, Sharon Madden, John Doolittle, Dennis Cockrum, Eric Saiet, Nancy Osborne, Ralph Seymour, Christine Healy, Nick Offerman, Todd Leatherbury",2.9,120,"Tenacious homicide detective Cassie Mayweather and her still-green partner are working a murder case, attempting to profile two malevolently brilliant young men: cold, calculating killers whose dark secrets might explain their crimes.",https://a.ltrbxd.com/resized/film-poster/4/4/9/1/4/44914-murder-by-numbers-0-230-0-345-crop.jpg?v=a249357499,https://letterboxd.com/film/murder-by-numbers/
The Seventh Victim,RKO Radio Pictures,1943,"Mystery, Horror",Mark Robson,Val Lewton,"Kim Hunter, Tom Conway, Jean Brooks, Hugh Beaumont, Erford Gage, Isabel Jewell, Evelyn Brent, Ben Bard, Chef Milani, Marguerita Sylva, Elizabeth Russell, Milton Kibbee, Lou Lubin, Eve March, Mary Newton, Cyril Ring, Joan Barclay, Wally Brown, Feodor Chaliapin Jr., Wheaton Chambers, James Conaty, Kernan Cripps, Richard Davies, Dan Dowling, Lorna Dunn, Edythe Elliott, Bud Geary, Barbara Hale, William Halligan, Henry Hebert, Lloyd Ingraham, Tiny Jones, Adia Kuznetzoff, Howard M. Mitchell, Marianne Mosner, Patsy Nash, Ottola Nesmith, Eileen O'Malley, Charles Phillips, Betty Roadman, Dewey Robinson, Sarah Selby, Jamesson Shade, Ann Summers",3.5,71,"After young Mary Gibson discovers that her older sister Jacqueline has disappeared, she leaves her boarding school and heads to New York City to track down her sibling. But Mary gets drawn deeper into the mystery.",https://a.ltrbxd.com/resized/film-poster/3/8/6/9/4/38694-the-seventh-victim-0-230-0-345-crop.jpg?v=ae6cd919e1,https://letterboxd.com/film/the-seventh-victim/
Dead Leaves,Production I.G,2004,"Science Fiction, Crime, Comedy, Animation",Hiroyuki Imaishi,"Kaoru Mfaume, Katsuji Morishita","Kappei Yamaguchi, Takako Honda, Mitsuo Iwata, Kiyoyuki Yanada, Nobuo Tobita, Wataru Takagi, Yuko Mizutani, Eiji Takemoto, Hidenobu Kiuchi, Hiroshi Shimozaki, Masakazu Suzuki, Masami Iwasaki, Mika Outake, Takeshi Maeda, Tarusuke Shingaki, Yasuyuki Kase",3.8,52,"Pandy and Retro awaken naked on Earth with no recollection of their past. They embark on a crime spree in search of food and clothing, but are captured by authorities and sent to the infamous lunar penitentiary named Dead Leaves.",https://a.ltrbxd.com/resized/film-poster/4/1/9/3/1/41931-dead-leaves-0-230-0-345-crop.jpg?v=247f7c45da,https://letterboxd.com/film/dead-leaves/
Ten Inch Hero,N/A,2007,"Romance, Drama, Comedy",David McKay,N/A,"Elisabeth Harnois, Clea DuVall, Sean Patrick Flanery, Jensen Ackles, Danneel Ackles, Alice Krige, John Doe, Jordan Belfi, Sean Wing",3.4,97,Four friends search for love and happiness while working at a California sandwich shop.,https://a.ltrbxd.com/resized/film-poster/4/2/7/7/3/42773-ten-inch-hero-0-230-0-345-crop.jpg?v=0fbc47b90b,https://letterboxd.com/film/ten-inch-hero/
Raqqa: Spy vs. Spy,"Malika y el Saharaui A.I.E, Angle Production, Tornasol Media",2024,Thriller,Gerardo Herrero,"Mariela Besuievsky, Gerardo Herrero, Mounir Saguia, Yann Mari Faget","Álvaro Morte, Mina El Hammani, Abdelatif Hwidar, Fariba Sheikhan, Ben Temple, Sara Hwidar, Cristina Kovani, Déborah François, Ali el Aziz, Juan Carlos Vellido",N/A,101,"An enigmatic international spy in the service of Russia and a Spanish agent of Moroccan origin working for Europol coincide in the Syrian city of Raqqa, an enclave of the self-proclaimed Islamic State (ISIS). Both, despite being on opposite sides, have a common goal, to locate the whereabouts of one of the main leaders of the Jihad, known as The Jordan, to facilitate his elimination and precipitate the fall of the organization. In an atmosphere of mutual distrust, both will have to evade dangers, from summary executions to women sold into slavery. ×",https://a.ltrbxd.com/resized/film-poster/1/1/2/2/8/7/0/1122870-raqqa-spy-vs-spy-0-230-0-345-crop.jpg?v=7aa67143ee,https://letterboxd.com/film/raqqa-spy-vs-spy/
Dracula,"Hartswood Films, BBC",2020,Drama,"Jonny Campbell, Damon Thomas","Ben Irving, Sue Vertue","Claes Bang, Dolly Wells, Mark Gatiss, Morfydd Clark",3.2,264,"Transylvania, 1897. The blood-drinking Count Dracula is drawing his plans against Victorian London. And be warned: the dead travel fast.",https://a.ltrbxd.com/resized/sm/upload/m5/n6/oj/t9/dracula%20poster-0-230-0-345-crop.jpg?v=1bbe23efb8,https://letterboxd.com/film/dracula-2020/
Ryuichi Sakamoto: Coda,"Borderland Media, Cineric Creative",2017,"Documentary, Music",Stephen Nomura Schible,"Eric Nyari, Yoshiko Hashimoto, Stephen Nomura Schible, Takeo Kodera, Hajime Yoda","Ryuichi Sakamoto, Leonardo DiCaprio, David Bowie, John Malkovich, Debra Winger, Donatas Banionis, Natalya Bondarchuk, Haruomi Hosono, Yukihiro Takahashi",4.1,100,"Oscar winning composer Ryuichi Sakamoto weaves man-made and natural sounds together in his works. His anti-nuclear activism grew after the 2011 Fukushima disaster, and his career only paused after a 2014 cancer diagnosis.",https://a.ltrbxd.com/resized/film-poster/4/0/5/1/2/7/405127-ryuichi-sakamoto-coda-0-230-0-345-crop.jpg?v=5fdf53e328,https://letterboxd.com/film/ryuichi-sakamoto-coda/
"Jesus, You Know",N/A,2003,Documentary,Ulrich Seidl,N/A,"Elfriede Ahmad, Waltraute Bartel, Hans-Jürgen Eder",N/A,87,Six Catholics share their thoughts and problems with Jesus in different churches. The camera accompanies them.,https://s.ltrbxd.com/static/img/empty-poster-230-nQeuntFa.png,https://letterboxd.com/film/jesus-you-know/
Blauwe ballen en andere verkrachtingsmythes,"VPRO, Tomtit Film",2025,Documentary,Sunny Bergman,"Monique Busman, Mylene Esmeijer, Indy Kisoen",Sunny Bergman,N/A,71,"In personal reflections on her own experiences with sexual violence and in frank conversations with victims and (potential) perpetrators, Sunny Bergman shows how we as a society deal with sexual violence. Research shows that nearly a quarter of women have experienced sexual violence, but this is the tip of the iceberg. Why does rape almost always go unpunished? At the vice and in court we see how people get stuck in a system of ‘His word against hers’ and ‘One witness is not a witness’. The new consent law is a step forward, but what makes the system fail time and time again? ×",https://a.ltrbxd.com/resized/film-poster/1/3/2/3/8/0/5/1323805-blauwe-ballen-en-andere-verkrachtingsmythes-0-230-0-345-crop.jpg?v=bf85d9ba7a,https://letterboxd.com/film/blauwe-ballen-en-andere-verkrachtingsmythes/
God Save The Tuches,"Pathé, Eskwad, TF1 Films Production, Beside Productions, Les films du Monsieur, Nolita, Logical Content Ventures, Pictanovo",2025,Comedy,Jean-Paul Rouve,N/A,"Jean-Paul Rouve, Isabelle Nanty, Claire Nadeau, Sarah Stern, Pierre Lottin, Théo Fernandez, Elise Larnicol, Bernard Ménez, Philippe Dusseau, Aristote Laios, Peter Hudson, Blaise Pettebone, Scarlett Bernard-Cabera, Céline Menville, Jacky Nercessian, Nicolas de Broglie, Rufo Quintavalle, Aurore Broutin, Dominique Frot, Vadim Chasques, Anita Fridrihsons, Charles Turley, Daniel Horn, Guy Chaffraix, Pierre Tarde, Valentin Dumerchez, Tristan Balu, Nicole Aragona, Alain Chabat, Ray Johnson, Gilles Bouleau, Scarlett Bernard-Cabrera, Scarlett Bernard-Cabrera, Angel Da Silva, Célia Boulet, Neill Murray, Alexis Desseaux, Charlie Anson, Oisín Stack, Ludwig Boudeweel, Daniel Delcloque, Jimmy Monneron, Jimmy Monneron, Jean Baptiste Giezek, Christophe-Etienne Detoeuf, Timéo Picquet, Kessy Babin, Kenzo Nsegbe, Isayah Dulac, Sylviane Franzoso",2.6,101,"When Jeff and Cathy’s grandson Jiji is selected for a training camp with Arsenal, it’s a dream opportunity for the whole family to head over to England and meet the royal family.",https://a.ltrbxd.com/resized/film-poster/1/0/2/6/1/8/8/1026188-god-save-the-tuche-0-230-0-345-crop.jpg?v=72653f808d,https://letterboxd.com/film/god-save-the-tuches/
Martha,This Machine Filmworks,2024,Documentary,R. J. Cutler,"Jane Cha Cutler, Alina Cho, Austin Wilkin, R. J. Cutler, Trevor Smith",Martha Stewart,3.5,116,"Told in her own words, this candid documentary charts the unstoppable rise, sudden fall and hard-won comeback of lifestyle icon Martha Stewart.",https://a.ltrbxd.com/resized/film-poster/1/2/1/0/0/7/3/1210073-martha-2024-0-230-0-345-crop.jpg?v=c119d62449,https://letterboxd.com/film/martha-2024/
Bloat,"Pulsar Content, flag, Okko, Bazelevs Entertainment, Overland Pictures",2025,Horror,Pablo Absento,"Pablo Absento, Dzhanik Fayziev, Aleksandr Fomin, Ben McKenzie, Timur Bekmambetov, Gilles Sousa, Marie Garrett, Mariya Zatulovskaya, Mitch Davis, Anna Shalashina, Hiroko Oda","Ben McKenzie, Bojana Novaković, Sawyer Jones, Malcolm Fuller, Kane Kosugi, Royce Johnson, David Gibson, David Lavine, Ethan Herschenfeld, Asha Etchison, Rebecca Nelson, Zack Eisaku Niizato, Jeff Applegate, James Adam Lim, Miyu Yokota, Larry Bull, Eigi Kodaka, Akiyo Komatsu",2.5,87,"After a near-death drowning accident, a young boy’s family is horrified to discover he has become possessed by a legendary demon from the depths of the lake. As the family races against time to save the boy’s soul, the evil monster inside the child tears the family apart as it seeks to destroy everyone in its path.",https://a.ltrbxd.com/resized/film-poster/8/4/2/2/8/1/842281-bloat-0-230-0-345-crop.jpg?v=720d92deaa,https://letterboxd.com/film/bloat/
Aquarius,"SBS Productions, CinemaScópio, Globo Filmes, VideoFilmes",2016,Drama,Kleber Mendonça Filho,"Carlos Diegues, Emilie Lesclaux, Saïd Ben Saïd, Michel Merkt, Walter Salles","Sônia Braga, Maeve Jinkings, Irandhir Santos, Humberto Carrão, Zoraide Coleto, Carla Ribas, Fernando Teixeira, Buda Lira, Paula De Renor, Bárbara Colen, Daniel Porpino, Pedro Queiroz, Germano Melo, Julia Bernat, Thaia Perez, Joana Gatis, Tavinho Teixeira, Arly Arnaud, Andrea Rosa, Lula Terra, Allan Souza Lima, Valdeci Junior, Rubens Santos, Amanda Gabriel, Bruno Goya, Clarissa Pinheiro, Leo Wainer, Bernardo Sampaio, Chico Ludermir, Clarice Latache, Cristina Klein, Dora Costa, Edilson Silva, Erick Silva, Fábio Leal, João Vigo, Lilian Perman, Maria Alves, Marília Souto, Mariquinha Santos, Nivaldo Nascimento, Normando Roberto, Nuno Pessoa, Pedro Costa, Pri Buhr, Rejane Moraes, Rodrigo Rizsla, Telma Cunha, Vânia Mota, William Wallace, Yuri Holanda",4.0,147,"Clara, a vibrant former music critic and widow with flowing tresses is the only remaining apartment owner in a beautiful older building targeted for demolition by ruthless luxury high-rise developers. Clara proves to be a force to be reckoned with as she thwarts the builders plans to kick her out of the apartment.",https://a.ltrbxd.com/resized/sm/upload/1h/vz/dq/bv/gxuT8EbgXsHq02LLDYuXdTD963V-0-230-0-345-crop.jpg?v=6251c85c5d,https://letterboxd.com/film/aquarius/
Beautiful Wedding,"Voltage Pictures, Wattpad",2024,"Comedy, Drama, Romance",Roger Kumble,"David Shojai, Brian Pitt","Dylan Sprouse, Virginia Gardner, Austin North, Libe Barer, Rob Estes, Steven Bauer, Kyle Richards, Alex Aiono, Emmanuel Kabongo, Molly Miller, Declan Michael Laird, Trevor Van Uden, Jack Hesketh, Micky Dartford, Neil Bishop, Génesis Estévez, Esmeralda Félix, Miguel Fernández, Ana María Arias, Jed Elliott, Omar Patin, Charlie Kumble, Cristian López, Miguel Sainthilaire",1.7,95,"Abby and Travis wake after a crazy night in Vegas as accidental newlyweds! With the mob on their heels, they flee to Mexico for a wild, weird honeymoon—but are they in for another disaster?",https://a.ltrbxd.com/resized/film-poster/9/8/8/4/2/1/988421-beautiful-wedding-0-230-0-345-crop.jpg?v=ce57cb6e63,https://letterboxd.com/film/beautiful-wedding/
Shane Gillis: Beautiful Dogs,"All Things Comedy, AGI Entertainment Media & Management, Dad Sick Productions",2023,Comedy,McKeever,"Ryan Kuharic, Shay Paniagua",Shane Gillis,3.9,53,"In a rowdy stand-up set, Shane Gillis riffs on his girlfriend’s Navy SEAL ex, touring George Washington’s house and being bullied by an Australian Goth.",https://a.ltrbxd.com/resized/film-poster/1/0/5/6/1/1/6/1056116-shane-gillis-beautiful-dogs-0-230-0-345-crop.jpg?v=34c2d01347,https://letterboxd.com/film/shane-gillis-beautiful-dogs/
You Hide Me,Ifriqiyah Films,1970,Documentary,Nii Kwate Owoo,Nii Kwate Owoo,"Margaret Prah, Nii Kwate Owoo",3.9,16,"Dramatisation of a visit to the British Museum by two Africans who discover African art, specifically Benin bronzes, hidden in the basement.",https://a.ltrbxd.com/resized/film-poster/6/7/6/9/3/6/676936-you-hide-me-0-230-0-345-crop.jpg?v=434911ecb1,https://letterboxd.com/film/you-hide-me/
"Rio, 100 Degrees F.",Equipe Moacyr Fenelon,1955,Drama,Nelson Pereira dos Santos,N/A,"Jece Valadão, Glauce Rocha, Roberto Batalin, Zé Keti, Modesto de Souza, Sadi Cabral, Mauro Mendonça, Jackson de Souza, Renato Consorte, Paulo Matozinho, Riva Blanche, Miguel Rosenberg, Paulo Montel, Arnaldo Montel, Al Ghiu, Castro Gonzaga, Martim Francisco",4.0,91,"On a scorching summer day in Rio de Janeiro, five impoverished black boys venture out of their favela to peddle peanuts throughout the bustling city. As they navigate the various districts of Rio, they bear witness to a series of unfortunate events and encounters, unfolding a vivid tapestry of urban life in Rio de Janeiro during that period. These true misadventures shed light on the gritty reality of the city, unveiling its vibrant urban tapestry.",https://a.ltrbxd.com/resized/film-poster/1/1/0/6/7/1/110671-rio-40-degrees-c--0-230-0-345-crop.jpg?v=e0dc166cd7,https://letterboxd.com/film/rio-100-degrees-f/
Fist Fight,"Wrigley Pictures, New Line Cinema, Van Brand, 21 Laps Entertainment, Village Roadshow Pictures, Warner Bros. Pictures",2017,Comedy,Richie Keen,"Dan Cohen, Shawn Levy, John Rickard, Max Greenfield","Charlie Day, Ice Cube, Tracy Morgan, Jillian Bell, Christina Hendricks, Dean Norris, Kumail Nanjiani, Dennis Haysbert, JoAnna Garcia Swisher, Alexa Nisenson, Stephnie Weir, Kym Whitley, Gordon Danniels, Nicholas Alexander, Charlie Carver, Max Carver, Robert Pralgo, Michael Beasley, Conphidance, Inder Kumar, John Crow, Brianna Brown, Alisa Harris, Deena Beasley, Karen Beyer, Ron Caldwell, Austin Zajur, Bill Kottkamp, Jose Diaz, Tim Johnson Jr., Nolan Bateman, Ian Gregg, Annie Jacob, Autumn Dial, Emily Murden, Kyanna Simone Simpson, Peg Thon, Courtney Lauren Cummings, Khamary Rose, Ryan Boz, Christian Adam, Chanel Celaya, Sean Brosnan, Mike Forbs, Phi Vu, Rachel Leah Cohen, Jason Charles Hill, Geoffrey Howard, Beth Keener, Paige Nicollette, BreeAnna Marie, Kenneth Jones, Sean Brosnan, Emmy Allin, Cameron Fuller",2.4,91,"When one school teacher gets the other fired, he is challenged to an after-school fight.",https://a.ltrbxd.com/resized/film-poster/2/7/6/2/7/7/276277-fist-fight-0-230-0-345-crop.jpg?v=d0359d0890,https://letterboxd.com/film/fist-fight-2017/
L.I.E.,"Alter Ego Entertainment, Belladonna Productions",2001,"Drama, Crime",Michael Cuesta,"Rene Bastian, Linda Moran","Paul Dano, Bruce Altman, Brian Cox, Billy Kay, James Costa, Tony Michael Donnelly, Walter Masterson, Adam LeFevre, Chance Kelly, Marcia DeBonis",3.2,97,"With his mother dead and his father busy at work, Howie feels adrift in his New York suburb. He and his friend Gary spend their time burglarizing their neighbors’ homes — until they make the mistake of robbing the house of Big John, a macho former Marine who is also an unrepentant pedophile. He propositions Howie, who declines, but the two eventually develop an unlikely and dangerous friendship.",https://a.ltrbxd.com/resized/film-poster/4/0/1/3/2/40132-l-i-e--0-230-0-345-crop.jpg?v=868b437674,https://letterboxd.com/film/lie-2001/
Beasts of the Southern Wild,"Cinereach, Court 13 Pictures, Journeyman Pictures, Seville International",2012,"Fantasy, Drama",Benh Zeitlin,"Michael Gottwald, Dan Janvey, Josh Penn","Quvenzhané Wallis, Dwight Henry, Levy Easterly, Gina Montana, Lowell Landes, Pamela Harper, Amber Henry, Jonshel Alexander, Nicholas Clark, Joseph Brown, Henry D. Coleman, Kaliana Brower, Phillip Lawrence, Hannah Holby, Jimmy Lee Moore, Jovan Hathaway",3.8,93,"Hushpuppy, an intrepid six-year-old girl, lives with her father, Wink, in ‘the Bathtub’, a southern Delta community at the edge of the world. Wink’s tough love prepares her for the unraveling of the universe—for a time when he’s no longer there to protect her. When Wink contracts a mysterious illness, nature flies out of whack—temperatures rise and the ice caps melt, unleashing an army of prehistoric creatures called aurochs. With the waters rising, the aurochs coming, and Wink’s health fading, Hushpuppy goes in search of her lost mother. ×",https://a.ltrbxd.com/resized/sm/upload/08/ql/6a/8y/beasts-southern-wild-0-230-0-345-crop.jpg?v=b6f992a939,https://letterboxd.com/film/beasts-of-the-southern-wild/
Heart of Champions,"Vertical, Eightboat Productions, Construction Film, Divisadero Pictures, Green Light Pictures, 120dB Films",2021,Drama,Michael Mailer,N/A,"Michael Shannon, Alexander Ludwig, Charles Melton, Alex MacNicoll, Andrew Creer, Ash Santos, Lilly Krug, Caroline Cole, David James Elliott, Michael Tacconi, David Cade, Anton Hedayat, Spencer Squire, Jon Lemmon, Thomas Kasp, Lance E. Nichols, Vernon Wiggins, Wendy Prior Fentress, Linda Muri, Peighton Tubre",2.6,119,"During their last year at an Ivy League college in 1999, a group of friends and crew teammates’ lives are changed forever when an army vet takes over as coach of their dysfunctional rowing team.",https://a.ltrbxd.com/resized/film-poster/5/7/3/2/8/1/573281-heart-of-champions-0-230-0-345-crop.jpg?v=aea7d64bbe,https://letterboxd.com/film/heart-of-champions/
Microhabitat,"KwangHwaMoon Cinema, CGV Arthouse, MOTTO",2017,"Romance, Drama",Jeon Go-woon,"Kim Soon-mo, Kim Tae-gon, Jeon Go-woon","Esom, Ahn Jae-hong, Kang Jin-ah, Kim Guk-hee, Lee Sung-wook, Choi Deok-moon, Kim Jae-hwa, Cho Soo-hyang, Kim Yae-eun, Park Ji-young, Kim Hee-won, Kwun Hyun-jeong, Woo Moon-gi, Lee Yong-nyeo, Kim Jae-rok, Hwang Mi-young, Lee Yo-sup, Jang Sung-kyu, Jeong Bo-ram",4.0,106,"Miso lives from day to day by housekeeping. Cigarettes and whiskey are the two things that get her through the day. As cigarette prices and rent start to rise, Miso decides to give up her house for cigarettes and whiskey, leading her to couch surf with old friends while reconsidering her place in life.",https://a.ltrbxd.com/resized/film-poster/4/1/4/0/5/7/414057-microhabitat-0-230-0-345-crop.jpg?v=1fb9e2e49e,https://letterboxd.com/film/microhabitat/
The Feeling That the Time for Doing Something Has Passed,"Ravenser Odd, Magnetic Labs, Nice Dissolve",2023,Comedy,Joanna Arnow,"Daniel Ryniker, Mila Matveeva, Adam Kersh, Pierce Varous, Graham Swon, Nicola Smith","Joanna Arnow, Scott Cohen, Babak Tafti, Peter Vack, Michael Cyril Creighton, Alysia Reiner, Parish Bradley, Tanya Thompson, Barbara Weiserbs, David Arnow, Keith Poulson, Bingham Bryant, Amy Zimmer, C. Mason Wells, Shuchi Talati",3.1,88,"A mosaic-style comedy following the life of a woman as time passes in her long-term casual BDSM relationship, low-level corporate job, and quarrelsome Jewish family.",https://a.ltrbxd.com/resized/film-poster/9/5/5/2/3/1/955231-the-feeling-that-the-time-for-doing-something-has-passed-0-230-0-345-crop.jpg?v=5d82b5bfd1,https://letterboxd.com/film/the-feeling-that-the-time-for-doing-something-has-passed/
Border,"Meta Film Stockholm, Black Spark Film & TV, Film i Väst, SVT, Meta Film, Copenhagen Film Fund, Kärnfilm",2018,"Drama, Crime, Fantasy",Ali Abbasi,"Nina Bisgaard, Peter Gustafsson, Petra Jönsson","Eva Melander, Eero Milonoff, Jörgen Thorsson, Ann Petrén, Sten Ljunggren, Kjell Wilhelmsen, Rakel Wärmländer, Andreas Kundler, Matti Boustedt, Tomas Åhnstrand, Josefin Neldén, Henrik Johansson, Ibrahim Faal, Åsa Janson, Donald Högberg, Krister Kern, Viktor Åkerblom, Robert Enckell, Elisabeth Göransson, Aksel Dis, Asli Dis, Hugo Ljunggren, Glenn Hasselberg, Isra Nur, Åsa Johansson, Kardo Razzazi, Natalie Minnevik",3.6,110,"When a border guard with a sixth sense for identifying smugglers encounters the first person she cannot prove is guilty, she is forced to confront terrifying revelations about herself and humankind.",https://a.ltrbxd.com/resized/film-poster/4/4/7/5/1/4/447514-border-0-230-0-345-crop.jpg?v=e90e75631d,https://letterboxd.com/film/border-2018/
Play Misty for Me,"Universal Pictures, Malpaso Productions",1971,"Drama, Thriller",Clint Eastwood,"Robert Daley, Bob Larson, Jennings Lang","Clint Eastwood, Jessica Walter, Donna Mills, John Larch, Jack Ging, Irene Hervey, James McEachin, Clarice Taylor, Don Siegel, Duke Everts, George Fargo, Mervin W. Frates, Tim Frawley, Otis Kadani, Brit Lind, Paul E. Lippman, Jack Kosslyn, Ginna Patterson, Malcolm Moran, Cannonball Adderley, Boyd Cabeen, Barbara Chrysler, Don Hamilton, Robert S. Holman, Johnny Otis, Walter Scott, William Tomlinson",3.4,102,"A brief fling between a male disc jockey and an obsessed female fan takes a frightening, and perhaps even deadly turn when another woman enters the picture.",https://a.ltrbxd.com/resized/film-poster/4/2/4/0/7/42407-play-misty-for-me-0-230-0-345-crop.jpg?v=9eca33deb2,https://letterboxd.com/film/play-misty-for-me/
The Book of Sun,N/A,2020,"Drama, Thriller, Comedy",Faris Godus,Sohayb Godus,"Baraa Alem, Sohayb Godus, Nadia Malaika, Faris Godus, Ismail Alhassan, Ahmed Saddam, Nawaf Alshubaili",3.6,130,"In 2010, at the peak of the Saudi YouTube movement, high school senior Husam finds himself drawn into the world of video production. He’s joined in his pursuit by his best friend Maan, their one-time foe Ibrahim, and Orabi a teacher with a passion for filmmaking. In the middle of their senior year, they set out to produce a no-budget horror movie – a wild adventure that will put their futures at risk.",https://a.ltrbxd.com/resized/film-poster/5/9/9/3/9/0/599390-the-book-of-sun-0-230-0-345-crop.jpg?v=9dd544c24f,https://letterboxd.com/film/the-book-of-sun/
Thingu,N/A,2012,"Science Fiction, Horror, Animation, Comedy",Lee Hardcastle,N/A,N/A,4.1,2,A parody/mashup of the claymation animated children’s show “Pingu” (1986-2006) and the cult-classic sci-fi/horror film “The Thing” (1982).,https://a.ltrbxd.com/resized/film-poster/9/9/0/4/8/0/990480-pingu-s-the-thing-0-230-0-345-crop.jpg?v=89c6f9884c,https://letterboxd.com/film/thingu/
Werewolves Within,"Vanishing Angle, Ubisoft Film & Television",2021,"Horror, Comedy",Josh Ruben,"Justus McLarty, Jason Altman, Margaret Boykin, Andrew Lieberman, Sam Richardson, Natalie Metzger, Benjamin Wiessner","Sam Richardson, Milana Vayntrub, George Basil, Sarah Burns, Michael Chernus, Catherine Curtin, Wayne Duvall, Harvey Guillén, Rebecca Henderson, Cheyenne Jackson, Michaela Watkins, Glenn Fleshler, Patrick M. Walsh, Anni Krueger, Ritz",3.0,97,"When a proposed pipeline creates hostilities between residents of a small town, a newly-arrived forest ranger must keep the peace after a snowstorm confines the townspeople to an old lodge. But when a mysterious creature begins terrorizing the group, their worst tendencies and prejudices rise to the surface, and it is up to the ranger to keep the residents alive, both from each other and the monster which plagues them.",https://a.ltrbxd.com/resized/film-poster/7/1/8/1/5/6/718156-werewolves-within-0-230-0-345-crop.jpg?v=ec20bc3a91,https://letterboxd.com/film/werewolves-within/
Intrusion,"Creator Media Entertainment, Sea Smoke Entertainment, EMJAG Productions",2021,"Mystery, Drama, Thriller",Adam Salky,"Matthew Myers, Alexandra Milchan, Josh Weinstock, Russell Hollander, Kyle Benn, Chris Sparling","Freida Pinto, Logan Marshall-Green, Robert John Burke, Megan Elisabeth Kelly, Sarah Minnich, Hayes Hargrove, Mark Sivertsen, Brandon Fierro, Antonio Valles, Clint Obenchain, David DeLao, Denielle Fisher Johnson, Brandon Root",2.2,93,"When a husband and wife move to a small town, a home invasion leaves the wife traumatized and suspicious that those around her might not be who they seem.",https://a.ltrbxd.com/resized/film-poster/7/0/4/0/7/3/704073-intrusion-0-230-0-345-crop.jpg?v=b5b879371c,https://letterboxd.com/film/intrusion-2021/
Strike,"Proletkult, Gosfilmfond Russia",1925,Drama,Sergei Eisenstein,Boris Mikhin,"Maksim Shtraukh, Grigori Aleksandrov, Mikhail Gomorov, Ivan Klyukvin, Aleksandr Antonov, Vladimir Uralskiy, Anatoliy Kuznetsov, I. Ivanov, Yudif Glizer, Vera Yanukova, M. Mamin, Boris Yurtsev, Danylo Antonovych",3.9,89,Workers in a factory in pre-revolutionary Russia go on strike and are met by violent suppression.,https://a.ltrbxd.com/resized/film-poster/2/0/2/4/5/20245-strike-0-230-0-345-crop.jpg?v=67297542aa,https://letterboxd.com/film/strike/
The Week Of,Happy Madison Productions,2018,Comedy,Robert Smigel,"Adam Sandler, Joseph Vecsey","Adam Sandler, Chris Rock, Steve Buscemi, Rachel Dratch, Allison Strong, Roland Buck III, Katie Hartman, Chloe Himmelman, Jake Lippmann, Jim Barone, June Gable, Suzanne Shepherd, Christian Capozzoli, Nasser Faris, Jared Sandler, Andrew Polk, Liz Larsen, Jackie Sandler, Maury Ginsberg, Noah Robbins, Griffin Santopietro, Melanie Nicholls-King, Jorge Luna, Rob Morgan, Germar Terrell Gardner, Patricia Belcher, Rachel Pegram, Chuck Nice, Kenajuan Bentley, Scott Cohen, Alex Song-Xia, Langan Kingsley, Rebecca Vigil, Joel Marsh Garland, Chris Titone, Garry Pastore, Robert Smigel, Misti Dawn Garritano, Brock Yurich, Nik Sadhnani, Koa Lang, Teddy Coluca, Joe Passaro, Dominick Foresto, Sunny Sandler, Eric Lamonsoff, Aubrey Saverino, Dan Patrick, Sadie Sandler, Andy Taylor, Patrick O'Connor, Paul Pabst, Todd J. Fritz, Andrew J. Perloff, Roey Smigel, Ethan Smigel, Alex Cranmer, Steven E. Fernandez, Joe Stapleton, Shannon Thornton, Whitney Rae Grandell, Alicia Ellen Moore, Francesca Mars, Peter Romano, Max Chernin, Joe Avellar, Duarte Geraldino, Alice Gainer, Joel Kim Booster, Ronnie Mund, Jeff Kobrin, Joseph Malovany, Liz Samuel, David Storch, Graydon Long, Randy Ramos Jr., Jose Emilio Borrero, Izzy Ruiz, Joseph Vecsey, Scott Aiello, Grandma Yetta, Elia Athans, Caliph Jones, Tobi Kanter, Lynn Marocola",2.4,116,The parents of a soon-to-be married couple make the final preparations for the wedding ceremony.,https://a.ltrbxd.com/resized/film-poster/3/9/6/7/1/4/396714-the-week-of-0-230-0-345-crop.jpg?v=86303f0a0b,https://letterboxd.com/film/the-week-of/
Carriers,"Paramount Vantage, Likely Story, This is that, Ivy Boy Productions",2009,"Drama, Thriller, Horror, Science Fiction, Action","Àlex Pastor, David Pastor","Anthony Bregman, Ray Angelic, Robert Velo, Stefanie Azpiazu","Lou Taylor Pucci, Chris Pine, Piper Perabo, Emily VanCamp, Christopher Meloni, Kiernan Shipka, Ron McClary, Mark Moses, Josh Berry, Tim Janis, Dylan Kenin, LeAnne Lynch, Dale O´Malley",2.7,84,"A deadly virus has spread across the globe. Contagion is everywhere, no one is safe, and no one can be trusted. Four friends race through the back roads of the American West on their way to a secluded utopian beach in the Gulf of Mexico where they could peacefully wait out the pandemic. Their plans take a grim turn when their car breaks down on an isolated road starting a chain of events that will seal their fates.",https://a.ltrbxd.com/resized/sm/upload/i9/lo/ua/p5/6DM0qexULlnAIteeApZiChneuvL-0-230-0-345-crop.jpg?v=01e49e0efd,https://letterboxd.com/film/carriers/
Ride Along 2,"Reel Chefs Catering, Universal Pictures, Will Packer Productions, Cube Vision",2016,"Action, Comedy",Tim Story,"Larry Brezner, Will Packer, Matt Alvarez, Ice Cube","Kevin Hart, Ice Cube, Olivia Munn, Tika Sumpter, Ken Jeong, Tyrese Gibson, Nadine Velazquez, Benjamin Bratt, Glen Powell, Sherri Shepherd, Utkarsh Ambudkar, Bruce McGill, Arturo del Puerto, Carlos Gómez, Robert Pralgo, Bresha Webb, James Martin Kelly, Eric Goins, Michael Rose, Michelle Pieroway, Shelby Courtney, Ricky Russert, Christopher Johnson, David J. Porras, Derek Carver, Jay Amor, Rachel Faulkner, Liz Godwin, Yolanda Adams, Ana Ayora, Ace Marrero, Junes Zahdi, Freddie Poole, Donny Carrington, Jabari Simba, Henry Kingi, Jennifer Badger, Christina De Leon, Josh Diogo, Shamea Morton, Peter Parente, Isabella Fleetwood, Andrew Ortega, Elizabeth Ramos, Jeremy Wayne Carley, D'Kia Anderson, Massiel Checo, Michelle Rose Domb, Mary Farah, Tracey Ferrara, Chrystall Friedemann, Cindy Gold, Fatimah Hassan, Michelle Hayden, Lena Marie, Devanny Pinn, Yesse Rodriguez, Rick Ross, Masha Silberberg, T.I., Maegan Vogel, Dwyane Wade, Rey Hernandez, Hunter Deno",2.5,102,"As his wedding day approaches, Ben heads to Miami with his soon-to-be brother-in-law James to bring down a drug dealer who’s supplying the dealers of Atlanta with product.",https://a.ltrbxd.com/resized/film-poster/2/5/0/8/1/4/250814-ride-along-2-next-level-miami-0-230-0-345-crop.jpg?v=9daed023ba,https://letterboxd.com/film/ride-along-2/
Rapado,"A.K. Films International, INCAA, Hubert Bals Fund, Producciones Kilimanjaro",1992,Drama,Martín Rejtman,"Alejandro Agresti, Kees Kasander, Martín Rejtman","Ezequiel Cavia, Damián Dreizik, Mirta Busnelli, Horacio Peña, Gonzalo Córdoba, Cecilia Biagini, José Glusman, Verónica Llinás, Pichón Baldinú, Lucas Marty, José Garófalo, Juan Carrasco, Marilyn Buzzi, Sergio Feingold, Guillermo Rozenthuler, Nanina Otamendi, Néstor Frenkel, Natalia Cano, Juan Martín del Valle, Emanuel Marty, Jorge Capobianco, Cristian Drut, Ricky Diez, Martín Funes, Miguel Vergagni, Rosario Bléfari",3.4,75,"After the theft of his motorcycle, Lucio bums aimlessly around Buenos Aires drifting from one arcade and record store to the next, indulging in short chats with friends and, more often, setting out onto the streets alone.",https://a.ltrbxd.com/resized/film-poster/8/2/2/4/8224-rapado-0-230-0-345-crop.jpg?v=715fbf6393,https://letterboxd.com/film/rapado/
The Art of Getting By,"Goldcrest, Atlantic Pictures, Gigi Films",2011,"Romance, Drama",Gavin Wiesen,"Kara Baker, P. Jennifer Dana, Darren Goldberg, Gia Walsh","Freddie Highmore, Emma Roberts, Michael Angarano, Elizabeth Reaser, Alicia Silverstone, Sasha Spielberg, Marcus Carl Franklin, Ann Dowd, Blair Underwood, Rita Wilson, Sam Robards, Sophie Lane Curtis, Maya Ri Sanchez, Ann Harada, Jarlath Conroy, Andrew Levitas, Dan Leonard, Lindsay-Elizabeth Hand",2.8,83,"George, a lonely and fatalistic teen who’s made it all the way to his senior year without ever having done a real day of work, is befriended by Sally, a popular but complicated girl who recognizes in him a kindred spirit.",https://a.ltrbxd.com/resized/film-poster/2/8/9/289-the-art-of-getting-by-0-230-0-345-crop.jpg?v=4222a31217,https://letterboxd.com/film/the-art-of-getting-by/
Alex Strangelove,"Mighty Engine, STXfilms, Red Hour",2018,"Drama, Comedy",Craig Johnson,"Ben Stiller, Jared Ian Goldman, Nicholas Weinstock","Daniel Doheny, Madeline Weinstein, Antonio Marziale, Daniel Zolghadri, Fred Hechinger, Nik Dodani, Dante Costabile, Annie Q. Riegel, Kathryn Erbe, Joanna Adler, William Ragsdale, Ayden Mayeri, Isabella Amara, Sophie Faulkenberry, David Fierro, Jesse James Keitel, Michael Abela, Katie Gavin, Josette Maskin, Naomi McPherson, Ingrid Nilsen, Quinn Birkholz",2.5,99,"Alex Truelove is on a quest to lose his virginity, an event eagerly awaited by his patient girlfriend and cheered on with welcome advice by his rowdy friends. But Alex, a super gregarious dude, is oddly unmotivated. A magical house party throws Alex into the presence of Elliot, a hunky college guy, who pegs Alex as gay and flirts hard. Alex is taken aback but after a series of setbacks on the girlfriend front he takes the plunge and learns some interesting new facts about himself. ×",https://a.ltrbxd.com/resized/film-poster/4/4/1/4/5/6/441456-alex-strangelove-0-230-0-345-crop.jpg?v=dd67d5a560,https://letterboxd.com/film/alex-strangelove/
Apollo 10½: A Space Age Childhood,"Detour Filmproduction, Submarine",2022,"Fantasy, Animation, Comedy, Science Fiction, History, Drama, Family",Richard Linklater,"Steph Swope, Craig Matthew Staggs, Richard Linklater, Mike Blizzard, Tommy Pallotta, Bruno Felix, Femke Wolting","Milo Coy, Jack Black, Lee Eddy, Bill Wise, Natalie L'Amoreaux, Josh Wiggins, Jessica Brynn Cohen, Sam Chipman, Danielle Guilbot, Zachary Levi, Glen Powell, Larry Jack Dotson, Mona Lee Fultz, Jennifer Griffin, Holt Boggs, Reese Armstrong, Natalie Joy, Suzanne Deal Booth, Chris Olson, Samuel Davis, Mia Gonzalez, Brian Villalobos, Chris Zurcher, Alexander Fink, Zia Kinzy, David DeLao, Noah Randall, Athena Wintle, Xavier Patterson, Nick Stevenson, William Carroll, Avery Joy Davis, Christian Moran, Nicholas Andrew Rice, Keslee Blalock, Brent A. Riggs, P. Michael Hayes II, Flint Nattinger",3.6,97,"A man narrates stories of his life as a 10-year-old boy in 1969 Houston, weaving tales of nostalgia with a fantastical account of a journey to the moon.",https://a.ltrbxd.com/resized/film-poster/5/8/9/7/8/6/589786-apollo-10-a-space-age-childhood-0-230-0-345-crop.jpg?v=40690dbffc,https://letterboxd.com/film/apollo-10-a-space-age-childhood/
Fingernails,"Dirty Films, FilmNation Entertainment",2023,"Science Fiction, Romance, Drama",Christos Nikou,"Christos Nikou, Georgina Pym, Lucas Wiesendanger, Christopher Rivera, Coco Francini, Andrew Upton, Cate Blanchett","Jessie Buckley, Riz Ahmed, Jeremy Allen White, Luke Wilson, Christian Meer, Amanda Arcuri, Annie Murphy, Katy Breier, Clare McConnell, Nina Kiri, Jim Watson, Varun Saranga, Albert Chung, Heather Dicke, Tameka Griffiths, Juno Rinaldi, Sienna Singh, Tanchay Redvers, Ashleigh Rains, Mish Tam, Jim Armstrong, Iain Reid, Brendan Halloran",3.0,113,Anna and Ryan have found true love together. It’s been proven by a controversial test. There’s just one problem: Anna still isn’t sure. Then she meets Amir.,https://a.ltrbxd.com/resized/film-poster/7/0/8/4/9/9/708499-fingernails-0-230-0-345-crop.jpg?v=1c9b228cd3,https://letterboxd.com/film/fingernails/
Secret Level - Dungeons & Dragons: The Queen's Cradle,N/A,2024,"Animation, Fantasy, Action","Dominique Boidin, Léon Bérelle",N/A,"Noah Manzoor, Laura Wohlwend, Umulisa Gahiga, Rita Estevanovich, Madeleine Knight, Delroy Atkinson, Paul Ridley, Tracy Wiles",3.2,14,"On the hunt for a dragon cult, a band of adventurers rescues a boy who’s haunted by a sinister force.",https://a.ltrbxd.com/resized/film-poster/1/2/8/4/0/8/3/1284083-dungeons-dragons-the-queens-cradle-0-230-0-345-crop.jpg?v=868c94a45b,https://letterboxd.com/film/secret-level-dungeons-dragons-the-queens/
The Hand that Rocks the Cradle,"Hollywood Pictures, Interscope Communications, Nomura Babcock & Brown",1992,"Thriller, Drama",Curtis Hanson,"David Madden, Ira Halberstadt","Annabella Sciorra, Rebecca De Mornay, Matt McCoy, Ernie Hudson, Madeline Zima, Julianne Moore, John de Lancie, Kevin Skousen, Mitchell Laurance, Jane Jones, Brian T. Finney, Julie Clemmons, Patrick Ryals, Charles Lucia, Rachel Glenn",3.3,110,"A suburban family chooses seemingly sweet Peyton Flanders as their newborn’s nanny. Only much later does the infant’s mother, Claire Bartel, realize Peyton’s true intentions – to destroy Claire and replace her in the family. The nail-biting suspense builds quickly in this chilling psychological thriller about deception and bitter revenge.",https://a.ltrbxd.com/resized/film-poster/4/5/6/1/8/45618-the-hand-that-rocks-the-cradle-0-230-0-345-crop.jpg?v=2c0a0fcb10,https://letterboxd.com/film/the-hand-that-rocks-the-cradle/
Anne of Green Gables,Sullivan Entertainment,1985,"Family, Drama",Kevin Sullivan,"Trudy Grant, Barbara Hiser, Kevin Sullivan","Megan Follows, Colleen Dewhurst, Richard Farnsworth, Jonathan Crombie, Charmion King, Schuyler Grant, Jackie Burroughs, Patricia Hamilton, Marilyn Lightstone",4.2,200,"When Anne Shirley arrives at the Cuthbert’s Farm on Prince Edward Island, she is a precocious, romantic child, desperate to be loved, and highly sensitive about her red hair and homely looks. Anne moves from one mishap to another as her wild imagination and far-fetched antics combine to constantly bring trouble upon her shoulders.",https://a.ltrbxd.com/resized/film-poster/1/0/6/5/8/8/4/1065884-anne-of-green-gables-0-230-0-345-crop.jpg?v=e650e75c5b,https://letterboxd.com/film/anne-of-green-gables-1985-1/
Flatliners,"The Safran Company, Columbia Pictures, Cross Creek Pictures, Furthur Films, Laurence Mark Productions",2017,"Thriller, Drama, Horror",Niels Arden Oplev,"Laurence Mark, Peter Safran, Michael Douglas","Elliot Page, Diego Luna, Nina Dobrev, James Norton, Kiersey Clemons, Beau Mirchoff, Wendy Raquel Robinson, Kiefer Sutherland, Madison Brydges, Jacob Soley, Anna Arden, Miguel Anthony, Jenny Raven, Charlotte McKinney, Steve Byers, Lisa Codrington, Emily Piggford, Martha Girvin, Taylor Trowbridge, Nadine Whiteman, Richard Young, Mary Grant, Stefano DiMatteo, Jimi Shlag, Natasha Bromfield, Daniela Barbosa, Jelena Savić, Brian King, Ali Schwartz, Dallas Poynter, Avery Bederman, Danny Gallagher, Jessica Rose, Corey Chainey, Janet Porter",2.1,111,"Five medical students, hoping to understand the mystery of what lies beyond life, embark on a dangerous experiment. When their hearts are stopped for a short period of time, they have a near-death experience…",https://a.ltrbxd.com/resized/film-poster/3/3/5/4/3/7/335437-flatliners-0-230-0-345-crop.jpg?v=98e3de3e25,https://letterboxd.com/film/flatliners-2017/
The Producers,"Universal Pictures, Columbia Pictures, Brooksfilms",2005,Comedy,Susan Stroman,"Amy Herman, Jonathan Sanger, Mel Brooks, Leah Zappy","Nathan Lane, Matthew Broderick, Uma Thurman, Will Ferrell, Gary Beach, Roger Bart, Eileen Essell, Michael McKean, David Huddleston, Debra Monk, Andrea Martin, Jon Lovitz, Bryn Dowling, Meg Gillentine, Kevin Ligon, Ray Wills, Marilyn Sokol, Brad Oscar, Tory Ross, Brent Barrett, Peter Bartlett, Jim Borstelmann, Kathy Fitzgerald, Jai Rodriguez, Jason Antoon, Jonathan Freeman, John Barrowman, Fred Applegate, Jerry Richardson, Timothy Shew, Danny Mastrogiorgio, Richard Kind, James Biberi, Mel Brooks, Dan Bittner, Ronn Carroll, Nancy Johnston, Francesca Harper, Roland Rusinek, Dana Lorge",3.3,135,"Broadway producer Max Bialystock and his accountant, Leo Bloom plan to make money by charming wealthy old biddies to invest in a production many times over the actual cost, and then put on a sure-fire flop, so nobody will ask for their money back – and what can be a more certain flop than a tasteless musical celebrating Hitler.",https://a.ltrbxd.com/resized/film-poster/4/6/7/3/5/46735-the-producers-2005-0-230-0-345-crop.jpg?v=60fdf6dd69,https://letterboxd.com/film/the-producers-2005/
Inu-Oh,"Science SARU, Asmik Ace, Aniplex, TFC",2021,"Music, History, Drama, Fantasy, Animation",Masaaki Yuasa,"Fumie Takeuchi, Eunyoung Choi","Avu-chan, Mirai Moriyama, Tasuku Emoto, Kenjiro Tsuda, Yutaka Matsushige, Kuroemon Katayama, Kengo Tanimoto, Takanobu Sakaguchi, Kohei Kawaguchi, Gota Ishida, Haruki Nakagawa, Chikara Honda, Yoshifumi Sakai, Kazunari Tosa",3.9,99,A cursed dancer and a blind musician — both ostracized by society — become business partners and inseparable friends as their larger-than-life concerts propel them to stardom in 14th century Japan.,https://a.ltrbxd.com/resized/film-poster/5/6/8/3/8/9/568389-inu-oh-0-230-0-345-crop.jpg?v=5d8fc8f998,https://letterboxd.com/film/inu-oh/
Top Hat,RKO Radio Pictures,1935,"Comedy, Romance, Music",Mark Sandrich,Pandro S. Berman,"Fred Astaire, Ginger Rogers, Edward Everett Horton, Erik Rhodes, Eric Blore, Helen Broderick, Lucille Ball, Gino Corrado, Leonard Mudie, Dennis O'Keefe, Nick Thompson, Tom Ricketts, Robert Adair, William A. Boardway, Tex Brodus, Phyllis Coghlan, Lorinne Crawford, Oliver Cross, Jay Eaton, Jack Ellison, George Ford, Jack Geiger, Charlie Hall, Peter Hobbes, Frank Mills, George Nardelli, Edgar Norton, Paul Power, Rita Rozelle, Scott Seaton, Genaro Spagnoli, Mary Stewart, Anya Taranda",3.8,101,"Showman Jerry Travers is working for producer Horace Hardwick in London. Jerry demonstrates his new dance steps late one night in Horace’s hotel room, much to the annoyance of sleeping Dale Tremont below. She goes upstairs to complain and the two are immediately attracted to each other. Complications arise when Dale mistakes Jerry for Horace.",https://a.ltrbxd.com/resized/film-poster/4/9/8/9/1/49891-top-hat-0-230-0-345-crop.jpg?v=2ee840d946,https://letterboxd.com/film/top-hat/
Along for the Ride,N/A,2022,"Romance, Drama",Sofia Alvarez,"Eric Newman, Bryan Unkeless, Sarah Dessen","Emma Pasarow, Belmont Cameli, Kate Bosworth, Andie MacDowell, Laura Kariuki, Dermot Mulroney, Genevieve Hannelius, Samia Finnerty, Paul Karmiryan, Marcus Scribner, Ricardo Hurtado, Sara Elizabeth Ezzell, Clayton Frank, Kelsey Rose Healey, Anna Stadler, Hannah Michelle",2.7,106,"The summer before college, Auden meets the mysterious Eli, a fellow insomniac. While the seaside town of Colby sleeps, the two embark on nightly quests to help Auden experience the fun, carefree teen life she never knew she wanted.",https://a.ltrbxd.com/resized/film-poster/6/9/7/1/9/5/697195-along-for-the-ride-0-230-0-345-crop.jpg?v=6373e4ae1d,https://letterboxd.com/film/along-for-the-ride-2022/
Some Like It Rare,Cinéfrance Studios,2021,"Comedy, Horror",Fabrice Eboué,"David Gauquié, Julien Deris, Jean-Luc Ormières","Fabrice Eboué, Marina Foïs, Virginie Hocq, Jean-François Cayrey, Lisa Do Couto Texeira, Victor Meutelet, Stéphane Soo Mongo, Nicolas Lumbreras, Alexia Chardard, Franck Migeon, Colette Sodoyez, Roby Schinasi, Ted Etienne, Alexis Pujol, Tom Pezier, Sébastien Chartier, Vincent Solignac, Benjamin Bourgois, Mohamed Bounouara, Éric Denize, Onna Clairin, François-Marie Nivon, Maxime Flourac, Mylène Tombolato, Kahena Saighi, Christophe Hondelatte",3.4,88,"Sophie and Vincent’s small butcher shop is on the brink of bankruptcy and their marriage is falling apart. Their lives are turned upside down when Vincent accidentally kills a vegan activist who vandalized their shop. Overwhelmed and terrified of being accused of murder, their only solution is to get rid of the body by turning it into ham. To their surprise the ham is so popular that it may save their business… that is if they’re ready to keep “hunting”!",https://a.ltrbxd.com/resized/film-poster/6/5/3/1/8/0/653180-some-like-it-rare-0-230-0-345-crop.jpg?v=6c09a18b6c,https://letterboxd.com/film/some-like-it-rare/
Finding Neverland,"Miramax, FilmColony, Mirimax",2004,"Fantasy, Drama",Marc Forster,"Nellie Bellflower, Richard N. Gladstein","Johnny Depp, Kate Winslet, Julie Christie, Dustin Hoffman, Freddie Highmore, Radha Mitchell, Kate Maberly, Joe Prospero, Nick Roud, Luke Spill, Eileen Essell, Ian Hart, Kelly Macdonald, Tim Potter, Toby Jones, Angus Barnett, Mackenzie Crook, Rosie Ede, Tobias Menzies, Jimmy Gardner, Paul Whitehouse, Oliver Fox, Kiri Bloom",3.5,106,"During a writing slump, playwright J.M. Barrie meets a widow and her four children, all young boys—who soon become an important part of Barrie’s life and the inspiration that lead him to create his masterpiece. Peter Pan.",https://a.ltrbxd.com/resized/sm/upload/d8/qt/1z/wg/7VNtGDhKLefRhJWYokfP3hBh0uV-0-230-0-345-crop.jpg?v=41c74823a7,https://letterboxd.com/film/finding-neverland/
Barfi!,"Ishana Movies, UTV Motion Pictures",2012,"Drama, Romance, Comedy",Anurag Basu,"Siddharth Roy Kapur, Rucha Pathak, Ronnie Screwvala","Ranbir Kapoor, Priyanka Chopra Jonas, Ileana D'Cruz, Saurabh Shukla, Jisshu Sengupta, Ashish Vidhyarthi, Akash Khurana, Roopa Ganguly, Sujata Sehgal, Arun Bali, Sumona Chakravarti, Haradhan Bandopadhyay, Uday Tikekar, Shreya Ghoshal, Bholaraj Sapkota, Preiti Mamgain, Kenneth Desai, Neeraj Khetrapal, Rajeev Mishra, Nirmala D. Thappa, Apurva Pranjape, Rahul Malhothra, Bhagyashree Dembla, Subhankar Ghosh, Purva Parag, Archana Dani",3.8,151,"The heartwarming tale of Barfi, a charming deaf-mute young man from 1970s Darjeeling, and two unalike women who can’t help but fall for him.",https://a.ltrbxd.com/resized/film-poster/9/9/4/6/7/99467-barfi-0-230-0-345-crop.jpg?v=ce359a4f68,https://letterboxd.com/film/barfi/
Pauline at the Beach,"Les Films du Losange, Les Films Ariane",1983,"Romance, Drama, Comedy",Éric Rohmer,Margaret Ménégoz,"Amanda Langlet, Arielle Dombasle, Pascal Greggory, Féodor Atkine, Simon de La Brosse, Rosette, Marie Bouteloup, Michel Ferry",3.8,94,"Marion is about to divorce from her husband and takes her 15-year-old niece, Pauline, on a vacation to Granville. There, she meets an old love…",https://a.ltrbxd.com/resized/film-poster/4/6/3/6/4/46364-pauline-at-the-beach-0-230-0-345-crop.jpg?v=ca9765576f,https://letterboxd.com/film/pauline-at-the-beach/
Mask Girl,"Bon Factory, UNU, Dexter Studios",2023,"Drama, Mystery, Crime, Comedy",Kim Yong-hoon,Jin Il-kyu,"Ko Hyun-jung, Nana, Lee Han-byeol, Ahn Jae-hong, Yeom Hye-ran, Kim Ga-hee, Shin Ye-seo, Moon Sook, Kim Min-seo, Kim Ha-neul",3.7,413,An office worker who is insecure about her looks becomes a masked internet personality by night — until a chain of ill-fated events overtakes her life.,https://a.ltrbxd.com/resized/film-poster/1/0/5/2/2/8/9/1052289-mask-girl-0-230-0-345-crop.jpg?v=7abe2277a2,https://letterboxd.com/film/mask-girl-2023/
Under Siege,"Regency Enterprises, Warner Bros. Pictures, Alcor Films, Arnon Milchan Productions, Le Studio Canal+",1992,"Action, Thriller",Andrew Davis,"Steven Reuther, Arnon Milchan, Steven Seagal, Peter Macgregor-Scott, Jack B. Bernstein","Steven Seagal, Tommy Lee Jones, Gary Busey, Erika Eleniak, Colm Meaney, Damian Chapa, Andy Romano, Patrick O'Neal, Nick Mancuso, Raymond Cruz, Duane Davis, Michael Des Barres, Dale Dye, Troy Evans, David McKnight, Glenn Morshower, Sandy Ward, Michael Welden, Tom Wood, Lee Hinton, Leo Alexander, John Rottger, Brad Rea, Bernie Casey, Rickey Pierre, Eddie Bo Smith Jr., Richard Andrew Jones, Tom Reynolds, Tom Muzila, Kirk Burroughs, George Cheung, Jim Chimento, Craig E. Dunn, Daniel Dupont, Frank Ferrara, Adam James, Michael Gaylord James, Miguel Nino, David Webster, Gene Barge, Tony Brown, Hiram Bullock, Chris Cameron, Richard Davis, Tad Robinson, Wendell Wayne Stewart, Jerome Wiggins, Joseph F. Kosala, Ousaun Elam, Peewee Piemonte, Daniel H. Friedman, Gregory G. Stump, David U. Hodges, Bruce Bozzi, Craig Pinkard, Conrad E. Palmisano, Luis J. Silva, Nate Robinson, Gary Gardner, Dru Anne Carlson, Ralph Wesley Carey, Joseph R. John, Dennis Lipscomb, Robert Nichols, E. Daniel Corte, Jr., Kane Hodder",3.0,102,"A disgruntled ex-CIA operative, his assistant and their assembled group of terrorists seize a battleship with nuclear blackmail in mind. They’ve planned for every contingency but ignore the ship’s cook, former Navy SEAL Casey Ryback—an error that could be fatal.",https://a.ltrbxd.com/resized/film-poster/4/7/5/7/6/47576-under-siege-0-230-0-345-crop.jpg?v=181f47401f,https://letterboxd.com/film/under-siege/
The Brothers Bloom,"Summit Entertainment, Endgame Entertainment, Ram Bergman Productions",2008,"Romance, Comedy, Drama, Adventure",Rian Johnson,"Ram Bergman, James D. Stern, Tom Karnowski, Matthew J. Birch","Rachel Weisz, Adrien Brody, Mark Ruffalo, Rinko Kikuchi, Robbie Coltrane, Maximilian Schell, Ricky Jay, Nora Zehetner, Zachary Gordon, Max Records, Andy Nyman, Noah Segan, Ram Bergman, Craig Johnson, Dubravko Jovanović, Esme Tyler, Jovan Vitas, Ana Sofrenović, Vladimír Kulhavý, Alek Rodic, Josif Tatić, Slobodan Ćustić, Branka Pujić, George Bocchetti, Elis Derham, Joseph Gordon-Levitt, Lukas Haas, Stefan Kapičić",3.4,114,"The Brothers Bloom are the best con men in the world, swindling millionaires with complex scenarios of lust and intrigue. Now they’ve decided to take on one last job – showing a beautiful and eccentric heiress the time of her life with a romantic adventure that takes them around the world.",https://a.ltrbxd.com/resized/film-poster/3/8/2/1/9/38219-the-brothers-bloom-0-230-0-345-crop.jpg?v=1943c7e346,https://letterboxd.com/film/the-brothers-bloom/
Verano en diciembre,"Vértigo Films, Mare Films",2024,Comedy,Carolina África,N/A,"Carmen Machi, Bárbara Lennie, Irene Escolar, Victoria Luengo, Beatriz Grimaldos, Lola Cordón, Antonio Resines, Silvia Marsó, Nacho Fresneda",N/A,97,N/A,https://s.ltrbxd.com/static/img/empty-poster-230-nQeuntFa.png,https://letterboxd.com/film/verano-en-diciembre/
Destroy All Monsters,"TOHO, Tokyo Laboratory",1968,"Science Fiction, Action",Ishirō Honda,Tomoyuki Tanaka,"Akira Kubo, Jun Tazaki, Yukiko Kobayashi, Yoshio Tsuchiya, Chōtarō Tōgin, Yoshifumi Tajima, Kenji Sahara, Heihachirō Ōkawa, Kyôko Ai, Andrew Hughes, Ikio Sawamura, Yoshio Katsube, Hisaya Ito, Yutaka Sada, Hiroshi Okada, Hideo Shibuya, Nadao Kirino, Yutaka Oka, Kamayuki Tsubono, Seishirō Kuno, Ken'ichirō Maruyama, Kenzo Echigo, Wataru Ōmae, Naoya Kusakawa, Kazuo Suzuki, Tōru Ibuki, Susumu Kurobe, Minoru Itō, Rinsaku Ogata, Haruya Sakamoto, Yukihiko Gondō, Rei Maki, Masaaki Tachibana, Saburô Iketani, Atsuko Takahashi, Yoshio Miyata, Ari Segawa, Kyoko Mori, Midori Uchiyama, Wakako Tanabe, Michiko Ishii, Haruo Nakajima, Hiroshi Sekita, Teruo Nigaki, Susumu Utsumi, Masao Fukazawa",3.3,89,"At the turn of the century, all of the Earth’s monsters have been rounded up and kept safely on Monsterland. Chaos erupts when a race of she-aliens known as the Kilaaks unleash the monsters across the world.",https://a.ltrbxd.com/resized/film-poster/4/9/8/6/5/49865-destroy-all-monsters-0-230-0-345-crop.jpg?v=6b6dff4188,https://letterboxd.com/film/destroy-all-monsters/
Let It Be,"Apple Corps, ABKCO Films",1970,"Documentary, Music",Michael Lindsay-Hogg,"Neil Aspinall, Mal Evans, Allen Klein, Saul Swimmer","John Lennon, Paul McCartney, George Harrison, Ringo Starr, Billy Preston, George Martin, Michael Lindsay-Hogg, Geoff Emerick, Mal Evans, Yoko Ono, Linda McCartney, Peter Brown, Kevin Harrington, Heather McCartney, Maureen Starkey, Derek Taylor",3.8,81,"A documentary chronicling the Beatles’ rehearsal sessions in January 1969 for their proposed “back to basics” album, “Get Back,” later re-envisioned and released as “Let It Be.”",https://a.ltrbxd.com/resized/film-poster/3/8/9/3/3/38933-let-it-be-0-230-0-345-crop.jpg?v=9c5f63b68a,https://letterboxd.com/film/let-it-be/
Blast from the Past,"Midnight Sun Pictures, New Line Cinema, Forge",1999,"Comedy, Drama, Romance",Hugh Wilson,"Hugh Wilson, Renny Harlin, Mary Kane","Brendan Fraser, Alicia Silverstone, Christopher Walken, Sissy Spacek, Dave Foley, Joey Slotnick, Rex Linn, Deborah Kellner, Nathan Fillion, Jenifer Lewis, Cynthia Mace, Don Yesso, Carmen More, Dale Raoul, Hayden Tank, Ryan Sparks, Douglas Smith, Scott Thomson, Ted Kairys, Harry S. Murphy, Wendel Meldrum, Richard Gilbert-Hill, Steve Bean, Ann Ryerson, Donovan Scott, Hugh Wilson, John Roselius, Bill Gratton, William Duffy, Bill Stevenson, J. Bruce Eckert, Karen Geraghty, Christopher Holloway, Harrison Young, Jazzmun, Hannah Kozak, Dori Mizrahi, Fred Pierce, Annie O'Donnell, Caroline Wilson, Julie Zelman, Monty Ash, Sheila Shaw, Michael Hagiwara, Todd Susman, Rosalee Mayeux, Danny Zorn, Rod Britt, Robb Skyler, Todd Robert Anderson, Michael Gallagher, Mary Ann Hermansen, Jonathan Stockwell Baker, Brian Blondell, Sonya Eddy, Mary Portser, Hubert Hodgin, Gary Cruz, Robert Sacchi, Gina-Raye Carter, Sam Arnold",3.3,112,"Following a bomb scare in the 1960s that locked the Webers into their bomb shelter for 35 years, Adam now ventures forth into Los Angeles to obtain food and supplies for his family, and a non-mutant wife for himself.",https://a.ltrbxd.com/resized/film-poster/4/5/1/2/9/45129-blast-from-the-past-0-230-0-345-crop.jpg?v=3148e5003d,https://letterboxd.com/film/blast-from-the-past/
Pumpkin,"American Zoetrope, Bona Fide Productions",2002,"Drama, Comedy, Romance","Adam Larson Broder, Anthony Abrams","Karen Barber, Ron Yerxa, Andrea Sperling, Christina Ricci, Albert Berger, Melanie Backer","Christina Ricci, Hank Harris, Brenda Blethyn, Dominique Swain, Marisa Coughlan, Sam Ball, Harry Lennix, Nina Foch, Caroline Aaron, Lisa Banes, Julio Oscar Mechoso, Phil Reeves, Marisa Petroro, Tait Smith, Michael Bacall, Erinn Bartlett, Michelle Krusiec, Melissa McCarthy, Amy Adams, Ginny Schreiber, Shaun Weiss, Julia Vera, Shane Johnson, Elsie Escobar, Margaret Travolta, Beverly Lynne, John Henry Binder, Job Alonso, Paul Michael Bloodgood, Lawrence R. Coddens, David Gibbs, Eric Marcel Jones",3.0,113,"Carolyn’s sorority sisters set their sights on the Sorority of the Year award and coaching challenged athletes is their ticket to the trophy. But when the queen of formals finds herself mentoring Pumpkin, a disabled athlete, their two worlds collide.",https://a.ltrbxd.com/resized/film-poster/4/6/8/8/6/46886-pumpkin-0-230-0-345-crop.jpg?v=6bb2f53cf1,https://letterboxd.com/film/pumpkin/
Crazy Heart,"Fox Searchlight Pictures, Informant Media, Butcher's Run Films",2009,"Music, Drama, Romance",Scott Cooper,"Scott Cooper, T Bone Burnett, Judy Cairo, Rob Carliner, Robert Duvall, Gina Scheerer","Jeff Bridges, Maggie Gyllenhaal, Robert Duvall, Colin Farrell, Tom Bower, Paul Herman, Beth Grant, J. Michael Oliva, Brian Gleason, James Keane, Anna Felix, Ryan Bingham, Rick Dial, Debrianna Mansini, Jerry Handy, Jack Nation, Ryil Adamson, David Manzanares, Chad Brummett, Jose Jacinto Marquez, LeAnne Lynch, William Marquez, Richard W. Gallegos, Harry Zinn, Josh Berry, William Sterchi",3.5,112,"When reporter Jean Craddock interviews Bad Blake—an alcoholic, seen-better-days country music legend—they connect, and the hard-living crooner sees a possible saving grace in a life with Jean and her young son.",https://a.ltrbxd.com/resized/sm/upload/jw/9v/mn/qj/tUyhwp36YykNKpqpEfauCavuDbK-0-230-0-345-crop.jpg?v=4f58b3a215,https://letterboxd.com/film/crazy-heart/
Himizu,"Studio Three, Kodansha, GAGA Corporation",2011,"Crime, Drama",Sion Sono,N/A,"Shota Sometani, Fumi Nikaido, Tetsu Watanabe, Ken Mitsuishi, Denden, Tarō Suwa, Hidetoshi Kawaya, Mitsuru Fukikoshi, Megumi Kagurazaka, Yosuke Kubozuka, Asuka Kurosawa, Makiko Watanabe, Toru Tezuka, Jun Murakami, Toshihiro Yashiba, Yuriko Yoshitaka, Takahiro Nishijima, Fuyuki Moto, Keisuke Horibe, Anne Suzuki, Hirofumi Arai, Tasuku Nagaoka, Chika Uchida, Motoki Fukami, Yuya Ishikawa",3.9,129,"After two teenagers from abusive households befriend each other, their lives take a dark adventure into existentialism, despair, and human frailty.",https://a.ltrbxd.com/resized/sm/upload/bl/t8/xt/j8/s6T399aAmPNQEK8Uf4MImlQdiil-0-230-0-345-crop.jpg?v=e18cd433b2,https://letterboxd.com/film/himizu/
Inventing the Abbotts,"Fox 2000 Pictures, Imagine Entertainment",1997,"Drama, Romance",Pat O’Connor,"Janet Meyers, Ron Howard, Brian Grazer","Joaquin Phoenix, Liv Tyler, Jennifer Connelly, Billy Crudup, Joanna Going, Kathy Baker, Will Patton, Michael Sutton, Garrett M. Brown, Barbara Williams, Alessandro Nivola, Nicole M. Vassallo, Amanda Sherman, Shawn Hatosy, Julie Benz, Zoe McLellan, David Frazier, Margaret Ash, Clive Rosengren, Susan Barnes, Andrea Post, Jack Cummins, David Heckendorn, Michael Keaton",3.0,110,"In the 1950s, brothers Jacey and Doug Holt, who come from the poorer side of their sleepy Midwestern town, vie for the affections of the wealthy, lovely Abbott sisters. Lady-killer Jacey alternates between Eleanor and Alice, wanting simply to break the hearts of rich young women. But sensitive Doug has a real romance with Pamela, which Jacey and the Abbott patriarch, Lloyd, both frown upon.",https://a.ltrbxd.com/resized/film-poster/4/4/3/3/3/44333-inventing-the-abbotts-0-230-0-345-crop.jpg?v=c38a5f9659,https://letterboxd.com/film/inventing-the-abbotts/
Uncle Yanco,Ciné-Tamaris,1967,Documentary,Agnès Varda,Robert Greensfelder,"Jean Varda, Tom Luddy, Agnès Varda, Rosalie Varda",4.1,18,"While in San Francisco for the promotion of her last film in October 1967, Agnès Varda, tipped by her friend Tom Luddy, gets to know a relative she had never heard of before, Jean Varda, nicknamed “Yanco”. This hitherto unknown uncle lives on a boat in Sausalito, is a painter, has adopted a hippie lifestyle and loves life. The meeting is a very happy one.",https://a.ltrbxd.com/resized/film-poster/2/0/1/7/7/9/201779-uncle-yanco-0-230-0-345-crop.jpg?v=0edbe81d31,https://letterboxd.com/film/uncle-yanco/
Clouds of Sils Maria,"CAB Productions, Pallas Film, ARTE France Cinéma, Vortex Sutra, ZDF/Arte, Orange Studio, RTS, SRG SSR, CG Cinéma, Ezekiel Film Production, Les Films du Losange",2014,Drama,Olivier Assayas,"Frédérique Dumas-Zajdela, Antoun Sehnaoui, Jean-Louis Porchet, Gérard Ruey, Rémi Burah, Thanassis Karathanos, Charles Gillibert, Karl Baumgartner, Sylvie Barthet, Olivier Père","Juliette Binoche, Kristen Stewart, Chloë Grace Moretz, Lars Eidinger, Johnny Flynn, Angela Winkler, Hanns Zischler, Nora Waldstätten, Brady Corbet, Aljoscha Stadelmann, Claire Tran, Stuart Manashil, Péter Farkas, Ben Posener, Ricardia Bramley, Luise Berndt, Gilles Tschudi, Benoit Peverelli, Caroline De Maigret, Arnold Gramara, Sean McDonagh, Valery Bukreev, Katrin Schmidt, Phoebe Lin, Katarzyna Nawrotek, David Seghezzo, Claire-Anne Piguet, Jerry Kwarteng, Jakob Köhn, Steffen Mennekes, Wilhelm J. Reitzenstein, Rosa Schrehardt",3.7,124,A veteran actress comes face-to-face with an uncomfortable reflection of herself when she agrees to take part in a revival of the play that launched her career 20 years earlier.,https://a.ltrbxd.com/resized/film-poster/1/7/2/6/3/3/172633-clouds-of-sils-maria-0-230-0-345-crop.jpg?v=8ec4a65711,https://letterboxd.com/film/clouds-of-sils-maria/
Wimbledon,"Working Title Films, Inside Track, StudioCanal, Universal Pictures, Firstep",2004,"Comedy, Romance",Richard Loncraine,"Tim Bevan, Liza Chasin, Eric Fellner, Mary Richards","Kirsten Dunst, Paul Bettany, Sam Neill, Jon Favreau, Bernard Hill, Eleanor Bron, Nikolaj Coster-Waldau, Austin Nichols, Robert Lindsay, James McAvoy, John McEnroe, Chris Evert, Mary Carillo, John Barrett, Kyle Hyde, Celia Imrie, Penny Ryder, Annabel Leventon, Amanda Walker, Marina Morgan, Barry Jackson, Beti Sekulovski, Vikas Punna, Abhin Galeya, John McGlynn, Jonathan Timmins, Martin O'Brien, John Warnaby, Tam Hoskyns, Peter Cartwright, Eve Pearce, Murphy Jensen, Jeremy Child, Cecilia Dazzi, Ulla van Zeller, Jesse Loncraine, Kellie Shirley, Gemma Catlin, Alun Jones, Simon Greenall, Laura Morley, Danny Baker, Hamed Madani, Rebecca Dandeniya, Sam Bond, Laurence Kennedy, Alan David, Helen Blatch, Chris Moyles, Azucena Duran, Gareth Llewelyn, Geoffrey Leesley, Barry Lee-Thomas, Ryan McCluskey, Maggie McCormack, Thomas Blore",3.0,98,"British tennis player Peter clutches to an embarrassingly low position on the tennis-ranking ladder. Handed a wild card for Wimbledon, he expects it to be his final bow.",https://a.ltrbxd.com/resized/film-poster/4/4/9/7/7/44977-wimbledon-0-230-0-345-crop.jpg?v=232f339572,https://letterboxd.com/film/wimbledon/
Jour de Fête,"Cady Films, Panoramic Films",1949,Comedy,Jacques Tati,"Fred Orain, André Paulvé, Paul Wagner","Jacques Tati, Guy Decomble, Paul Frankeur, Santa Relli, Maine Vallée, Roger Rafal, Jacques Beauvais, Delcassan, Alexandre Wirtz, Robert Balpo, Jacques Cottin, Gisèle Lamy, Jean-Claude Laruelle, Thérèse Lassaunière, Henri Marquet, Jacques Pasquet, André Pierdel, Thérèse Raveau, Valy, Madame Vilatte",3.6,86,"Jour de Fête tells the story of an inept and easily-distracted French mailman who frequently interrupts his duties to converse with the local inhabitants, as well as inspect the traveling fair that has come to his small community. Influenced by too much wine and a newsreel account of rapid transportation methods used by the United States postal system, he goes to hilarious lengths to speed the delivery of mail while aboard his bicycle.",https://a.ltrbxd.com/resized/film-poster/4/9/2/2/7/49227-holiday-0-230-0-345-crop.jpg?v=4188fb9c9d,https://letterboxd.com/film/jour-de-fete/
The Return,Ren Film,2003,Drama,Andrey Zvyagintsev,Dmitry Lesnevsky,"Vladimir Garin, Konstantin Lavronenko, Nataliya Vdovina, Ivan Dobronravov, Lazar Dubovik, Lyubov Kazakova, Galina Petrova, Aleksey Suknovalov, Andrey Sumin, Elizaveta Aleksandrova, Galina Popova",4.2,111,The relationships among two pre-pubescent brothers and their estranged father are tested on a trip into the Russian wilderness.,https://a.ltrbxd.com/resized/film-poster/4/5/5/1/9/45519-the-return-0-230-0-345-crop.jpg?v=ddad77d216,https://letterboxd.com/film/the-return/
In a Heartbeat,Ringling College of Art + Design,2017,"Comedy, Romance, Animation","Beth David, Esteban Bravo",N/A,"Nick Ainsworth, Kelly Donohue",4.0,4,A closeted boy runs the risk of being outed by his own heart after it pops out of his chest to chase down the boy of his dreams.,https://a.ltrbxd.com/resized/film-poster/3/8/7/6/9/8/387698-in-a-heartbeat-0-230-0-345-crop.jpg?v=8b395af3bc,https://letterboxd.com/film/in-a-heartbeat/
"Lust, Caution","River Road Entertainment, Haishang Films, Focus Features, Sil-Metropole Organisation, Shanghai Film Group, Edko Films",2007,"Thriller, Drama, Romance, Action",Ang Lee,"Ang Lee, Bill Kong Chi-Keung, David Lee, Doris Tse, Lloyd Chao","Tony Leung, Tang Wei, Joan Chen, Leehom Wang, Tou Tsung-Hua, Jacqueline Zhu Zhi-Ying, Ven Kao, Lawrence Ko Yu-Luen, Johnson Yuen Tak-Cheung, Chin Ka-Lok, Su Yan, He Saifei, Song Ruhui, Kuang-Yao Fan, Lisa Lu, Liu Jie, Ya Yu, Wang Lin, 華棟, Wang Kan, Song Jianhua, Anupam Kher, Akiko Takeshita, Hayato Fujiki, Seto Masumi, Noriko Kohyama, Shi Hong, Deng Wei, Li Dou, Shayam Pathak, Gu Zhang-Ping, Gao Bo-Wen, Yu Qun, Lau Yat-Tung, Jacob J Ziacan, Yuji Kojima, Mizogomi Yoko, Minamikata Fumika, Anys Fatnassi, Tang Yajun, Lai Yuk-ching",N/A,158,"During World War II, a secret agent must seduce then assassinate an official who works for the Japanese puppet government in Shanghai. Her mission becomes clouded when she finds herself falling in love with the man she is assigned to kill.",https://s.ltrbxd.com/static/img/empty-poster-230-nQeuntFa.png,https://letterboxd.com/film/lust-caution/
Once Upon a Time in Mexico,"Columbia Pictures, Dimension Films, Troublemaker Studios",2003,"Action, Drama, Mystery, Thriller, Crime",Robert Rodriguez,"Elizabeth Avellan, Carlos Gallardo, Sue Jett, Tony Mark, Robert Rodriguez, Luz María Rojas","Antonio Banderas, Johnny Depp, Cheech Marin, Salma Hayek Pinault, Mickey Rourke, Willem Dafoe, Eva Mendes, Danny Trejo, Rubén Blades, Enrique Iglesias, Marco Leonardi, Troy Robinson, Gerardo Vigil, Pedro Armendáriz Jr., Julio Oscar Mechoso, Tito Larriva, Miguel Couturier, Tony Valdes, José Luis Avendaño, Rodolfo De Alexandre, Natália Torres, Steve Constancio, Ermahn Ospina, Luz María Rojas, Mario Simon, Bernard Hacker, Cecilia Tijerina, Carola Vázquez, René Gatica, Silvia Santoyo, Juan Pablo Llaguno, Ignacio Torre, Rojo Grau, Jorge Becerril, Víctor Carpinteiro, Dagoberto Gama, Thomas Rosales Jr., Khristian Lupo",3.0,102,A corrupt CIA agent Sands hires hitman El Mariachi to assassinate a Mexican general hired by a drug kingpin attempting a coup d’état of the President of Mexico.,https://a.ltrbxd.com/resized/film-poster/5/1/0/3/7/51037-once-upon-a-time-in-mexico-0-230-0-345-crop.jpg?v=df4dd7a16c,https://letterboxd.com/film/once-upon-a-time-in-mexico/
Beethoven,"Northern Lights Entertainment, Universal Pictures",1992,"Family, Comedy",Brian Levant,"Joe Medjuck, Michael C. Gross, Gordon A. Webb","Charles Grodin, Chris, Bonnie Hunt, Nicholle Tom, Christopher Castile, Sarah Rose Karr, Oliver Platt, Stanley Tucci, Dean Jones, David Duchovny, Patricia Heaton, Laurel Cronin, O-Lan Jones, Nancy Fish, Craig Pinkard, Robi Davidson, Sherri Paysinger, Patrick LaBrecque, Jacob Kenner, Matthew Brooks, Chris Little, Lisa Paige Robinson, Cory Danziger, Maxine Elliott Hicks, Stephanie Durrer, Cirroc Lofton, Chad Morton, Melora Walters, Holly Wortell, Lorraine Marga, Joseph Gordon-Levitt, Andres McKenzie, Richard Portnow",2.8,87,"The Newton family live in their comfortable home, but there seems to something missing. This “hole” is filled by a small puppy, who walks into their home and their lives. Beethoven, as he is named, grows into a giant of a dog… a St Bernard. Doctor Varnick, the local vet has a secret and horrible sideline, which requires lots of dogs for experiments. Beethoven is on the bad doctor’s list.",https://a.ltrbxd.com/resized/film-poster/4/4/9/9/4/44994-beethoven-0-230-0-345-crop.jpg?v=0d17e62145,https://letterboxd.com/film/beethoven/
The Lazarus Effect,"Lionsgate, Blumhouse Productions, Chapter One Films, Relativity Media",2015,"Horror, Science Fiction, Thriller",David Gelb,"Jason Blum, Matt Kaplan, Cody Zwieg, Jimmy Miller","Mark Duplass, Olivia Wilde, Donald Glover, Evan Peters, Sarah Bolger, Amy Aquino, Ray Wise, Sean T. Krishnan, Bruno Gunn, Ator Tamras, Emily Kelavos, James Earl, Scott Sheldon, Scott L. Treger",2.2,83,"Medical researcher Frank, his fiancee Zoe and their team have achieved the impossible: they have found a way to revive the dead. After a successful, but unsanctioned, experiment on a lifeless animal, they are ready to make their work public. However, when their dean learns what they’ve done, he shuts them down. Zoe is killed during an attempt to recreate the experiment, leading Frank to test the process on her. Zoe is revived – but something evil is within her.",https://a.ltrbxd.com/resized/film-poster/1/7/0/8/2/2/170822-the-lazarus-effect-0-230-0-345-crop.jpg?v=15218a833b,https://letterboxd.com/film/the-lazarus-effect-2015/
Junior,"Northern Lights Entertainment, Universal Pictures",1994,"Science Fiction, Comedy",Ivan Reitman,"Ivan Reitman, Gordon A. Webb, Neal Nordlinger, Sheldon Kahn","Arnold Schwarzenegger, Danny DeVito, Emma Thompson, Frank Langella, Pamela Reed, Aida Turturro, James Eckhouse, Megan Cavanagh, Welker White, Kathleen Chalfant, Merle Kennedy, Judy Collins, Mindy Seeger, Christopher Meloni, Antoinette Peragine, Cassandra Wilson, Ellen McLaughlin, Stefan Gierasch, Alexander Enberg, Judy Ovitz, Kevin West, Ira Newborn, Misa Koprova, Jodi Knotts, Michele Abrams, John Pinette, Fred Stoller, Anna Gunn, Lisa Summerour, Kristina Hardee, Leah Teweles, Maggie Han, Charmaine Alicia Mancil, Lawrence Tierney, Matt Mulhern, Christopher Pray, John Yang, Sara Peery, Jan Yanehiro, Dennis O'Donnell, Beth Campbell Fitzgerald, Lawrence T. Wrentz, Brianna McConnell, Brittany McConnell, Ryan Doss, Zachary Doss, Christian Giammichele, Kieran Giammichele, Monika Schnarre, Allen Walls, Kevin Sifuentes, Tom Dugan, Holly Wortell, Susan Dills, Maggy Myers Davidson, Peter Chen, Dean Jacobson, Mary Gordon Murray, Julie Nunis, Dayna Winston, Brandon Ross, Lonnie Plaxico, Jeff Haynes, Steven 'Lance' Carter, Charles Burnham, Dee Hengstler, Bubba Dean Rambo, Daryl Richardson, Jerald Vincent, Nina DeNike, Maurice Schwartzman, Kim Wolfe, Charles McGowan, Matt Birman, Tracey Walter",2.4,110,"A research scientist becomes the world’s first pregnant man in order to test a drug he and a colleague have designed for expectant women. To carry out the trial, he has an embryo implant, believing that he will only carry the baby for three months – hardly expecting to face the prospect of giving birth.",https://a.ltrbxd.com/resized/film-poster/4/8/3/7/4/48374-junior-0-230-0-345-crop.jpg?v=7e95f06cd4,https://letterboxd.com/film/junior/
The Last Exorcism,"Strike Entertainment, StudioCanal, Arcade Pictures",2010,"Horror, Thriller, Mystery",Daniel Stamm,"Marc Abraham, Thomas A. Bliss, Eli Roth, Eric Newman, Patty Long, Gabrielle Neimand","Patrick Fabian, Ashley Bell, Iris Bahr, Louis Herthum, Caleb Landry Jones, Tony Bentley, Shanna Forrestall, Justin Shafer, Carol Sutton, Victoria Patenaude, John Wilmot, Becky Fly, Denise Lee, Logan Craig Reid, Sofia Hujabre, Adam Grimes, Allen Boudreaux",2.8,87,"After years of performing “exorcisms” and taking believers’ money, Reverend Marcus travels to rural Louisiana with a film crew so he can dispel what he believes is the myth of demonic possession. The dynamic reverend is certain that this will be another routine “exorcism” on a disturbed religious fanatic but instead comes upon the blood-soaked farm of the Sweetzer family and a true evil he would have never thought imaginable.",https://a.ltrbxd.com/resized/sm/upload/tr/7n/rd/bo/yfwncNHhkTvKYmHBbTwUEiTCGnn-0-230-0-345-crop.jpg?v=56867d8461,https://letterboxd.com/film/the-last-exorcism/
Listen Up Philip,"Faliro House Productions, Sailor Bear, Washington Square Films, Tribeca Film",2014,"Comedy, Drama",Alex Ross Perry,"Joshua Blum, David Lowery, Toby Halbrooks, James M. Johnston, Katie Stern, Michaela McKee","Jason Schwartzman, Elisabeth Moss, Jonathan Pryce, Krysten Ritter, Joséphine de la Baume, Jess Weixler, Kate Lyn Sheil, Dree Hemingway, Keith Poulson, Samantha Jacober, Craig Butta, Steven Boyer, Daniel London, Jennifer Kim, Wai Ching Ho, Riley O'Bryan, Eric Bogosian, Joanne Tucker",3.4,109,"Anger rages in Philip as he awaits the publication of his second novel. He feels pushed out of his adopted home city by the constant crowds and noise, a deteriorating relationship with his photographer girlfriend Ashley, and his own indifference to promoting the novel. When Philip’s idol Ike Zimmerman offers his isolated summer home as a refuge, he finally gets the peace and quiet to focus on his favorite subject: himself.",https://a.ltrbxd.com/resized/sm/upload/4a/t4/6m/k1/tilsywrazthHJUJX4EaxBtCyCWO-0-230-0-345-crop.jpg?v=23b6f339be,https://letterboxd.com/film/listen-up-philip/
Psyche,N/A,1948,"Romance, Drama",Gregory J. Markopoulos,Gregory J. Markopoulos,"Ann Wells, George Emmons",N/A,25,"Psyche 1947, made while a student at USC, shows Markopoulos’ developing style and his sensuous use of colour and composition. Shot in the Hollywood hills, the film was inspired by an unfinished novella by Pierre Louÿs. - Tate Modern",https://a.ltrbxd.com/resized/film-poster/2/2/0/4/2/4/220424-psyche-0-230-0-345-crop.jpg?v=4330ec130e,https://letterboxd.com/film/psyche-1948/
Tallulah,"Route One Films, Ocean Blue Entertainment",2016,"Drama, Comedy",Siân Heder,"Todd Traina, Chris Columbus, Russell Levine, Ged Dickersin","Elliot Page, Allison Janney, Tammy Blanchard, Evan Jonigkeit, Uzo Aduba, David Zayas, John Benjamin Hickey, Zachary Quinto, Felix Solis, Fredric Lehne, Maddie Corman, Jasson Finney, Doris McCarthy, Charlotte Ubben, Olivia Levine, Todd Alan Crain, Stacey Thunder, Mansoor Najee-Ullah, Nimo Gandhi, Danny Wolohan, J. Oscar Simmons, Tommar Wilson, Chanel Jenkins, Evangeline Ellis, Liliana Ellis, Eden Marryshow, Oberon K.A. Adjepong, Tijuana Ricks, Jason Tottenham, Berto Colon, Rachel Hardin",3.3,111,"Desperate to be rid of her toddler, a dissatisfied Beverly Hills housewife hires a stranger to babysit and ends up getting much more than she bargained for.",https://a.ltrbxd.com/resized/sm/upload/60/qr/oc/q0/p5moR4qjrgQk0sgtXmlqDJFYTm0-0-230-0-345-crop.jpg?v=45dc57b937,https://letterboxd.com/film/tallulah/
The Cats of Gokogu Shrine,"Laboratory X, TOFOO FILMS, LLC",2024,Documentary,Kazuhiro Soda,"Kazuhiro Soda, Kiyoko Kashiwagi",N/A,3.6,119,"An ample community of cats has set up home around the Shinto shrine in Ushimado. Some local residents take care of them, others are disturbed by their mess. Kazuhiro Soda observes their co-existence with kindness, precision and occasional involvement.",https://a.ltrbxd.com/resized/film-poster/1/1/1/5/9/6/3/1115963-the-cats-of-gokogu-shrine-0-230-0-345-crop.jpg?v=844df772b7,https://letterboxd.com/film/the-cats-of-gokogu-shrine/
SNL50: The Anniversary Special,Broadway Video,2025,Comedy,N/A,N/A,"Adam Driver, Ayo Edebiri, Bad Bunny, Dave Chappelle, John Mulaney, Kim Kardashian, Martin Short, Miley Cyrus, Paul McCartney, Paul Simon, Pedro Pascal, Peyton Manning, Quinta Brunson, Robert De Niro, Sabrina Carpenter, Scarlett Johansson, Steve Martin, Tom Hanks, Woody Harrelson, Fred Armisen, Chevy Chase, Jane Curtin, Pete Davidson, Jimmy Fallon, Will Ferrell, Tina Fey, Will Forte, Kate McKinnon, Seth Meyers, Tracy Morgan, Garrett Morris, Eddie Murphy, Laraine Newman, Amy Poehler, Chris Rock, Maya Rudolph, Andy Samberg, Adam Sandler, Molly Shannon, Jason Sudeikis, Kenan Thompson, Kristen Wiig, Drew Barrymore, Alec Baldwin",3.9,180,"The award-winning sketch show celebrates its groundbreaking 50th anniversary live from New York, featuring musical performances, former cast members, special guests and all-time favorite sketches.",https://a.ltrbxd.com/resized/film-poster/1/3/0/8/6/1/2/1308612-snl50-the-anniversary-special-0-230-0-345-crop.jpg?v=cdf893e1c4,https://letterboxd.com/film/snl50-the-anniversary-special/
My Boss's Daughter,Dimension Films,2003,"Comedy, Romance",David Zucker,"David Zucker, John Jacobs, Ashton Kutcher, Phil Dornfeld","Ashton Kutcher, Tara Reid, Andy Richter, Jeffrey Tambor, Michael Madsen, Jon Abrahams, David Koechner, Carmen Electra, Molly Shannon, Terence Stamp, Betty Linde, Mark Aisbett, Tyler Labine, Ryan Zwick, Patrick Cranshaw, Angela Little, Ron Selmour, Kenan Thompson, Charlotte Zucker, Jim Byrnes, Ever Carradine, Dan Joffre, Tim Henry, Link Baker, Carmen Aguirre, Mark McConchie, Susan Breslau, Tongo Ma, Henry Mah, Dave Foley, Marcy Goldberg",2.1,83,"When a young man agrees to housesit for his boss, he thinks it’ll be the perfect opportunity to get close to the woman he desperately has a crush on – his boss’s daughter. But he doesn’t plan on the long line of other houseguests that try to keep him from his mission. And he also has to deal with the daughter’s older brother, who’s on the run from local drug dealers.",https://a.ltrbxd.com/resized/film-poster/5/0/0/6/0/50060-my-boss-s-daughter-0-230-0-345-crop.jpg?v=ccef939d35,https://letterboxd.com/film/my-bosss-daughter/
Three Friends,"Moby Dick Films, ARTE France Cinéma, Auvergne-Rhône-Alpes Cinéma",2024,"Drama, Comedy, Romance, Fantasy",Emmanuel Mouret,"Frédéric Niedermayer, Olivier Père","India Hair, Camille Cottin, Sara Forestier, Damien Bonnard, Grégoire Ludig, Vincent Macaigne, Éric Caravaca, Mathieu Métral, Louise Vallas, Hanaé Alves, Philippe Chareyron, Laurent Roth, Laurent Crozet, Brice Fournier, Louis Séguin, Pauline Andriot",3.2,117,"Joan is no longer in love with Victor, but it pains her to feel she is being dishonest with him. Alice, her best friend, reassures her: She herself doesn’t feel passionate about her partner Eric and yet their relationship is smooth sailing. She has no idea he is having an affair with Rebecca, their mutual friend. When Joan finally decides to leave Victor and he disappears, the lives of the three friends and their relationships are turned upside down.",https://a.ltrbxd.com/resized/film-poster/1/0/2/4/9/6/2/1024962-three-friends-2024-0-230-0-345-crop.jpg?v=e49e74ee73,https://letterboxd.com/film/three-friends-2024/
The Art of Joy,"Sky Studios, HT Film, Vision Distribution",2024,Drama,Valeria Golino,Viola Prestieri,"Tecla Insolia, Jasmine Trinca, Guido Caprino, Valeria Bruni Tedeschi, Alma Noce, Giuseppe Spata",3.7,360,"Born on the 1st of January 1900 in a poor family in rural Sicily, Modesta pursues happiness since her childhood without falling victim to the constraints of society. After a tragic event that takes her away from her family, Modesta is welcomed into a monastery, where she becomes the Mother Superior’s protégé thanks to her intelligence and stubbornness. Later, she arrives at the villa belonging to the Princess of Brandiforti, where she makes herself indispensable. This relentless process of emancipation goes along with a journey of personal growth and sexual awakening, which lead her to discover and claim the right to pleasure and happiness. ×",https://a.ltrbxd.com/resized/film-poster/1/3/0/4/1/0/4/1304104-the-art-of-joy-2024-0-230-0-345-crop.jpg?v=6ffc3db4b2,https://letterboxd.com/film/the-art-of-joy/
Jerry & Marge Go Large,"Landline Pictures, Levantine Films, Paramount Players, Netter Productions, MRC, Paramount Pictures",2022,"Drama, Comedy",David Frankel,"Gil Netter, Amy Baer","Bryan Cranston, Annette Bening, Rainn Wilson, Larry Wilmore, Michael McKean, Jake McDorman, Anna Camp, Uly Schlesinger, Cheech Manohar, Lindsay Rootare, Ann Harada, Ana Cruz Kayne, Devyn McDowell, Colton Whitfield, Jackson Whitfield, Tracie Thoms, Don Stallings, Subhash Mandal, K.D. O'Hair, Kurt Yue, Joe Pistone, Michael Scialabba, Kenny Alfonso, Evan Bergman, Robert Pralgo, Rick Espaillat, Rhoda Griffis, Tordy Clark, Lindsey Moser, Kristina Kingston, Amber Erwin, Cameron Andrew Howell, Quinn Bozza, David Alexander Kaplan, Abu Jalloh, Jon Frankel, Roger Anthony, Roxy Rivera, Tori Kelly",3.2,96,"The remarkable true story of how retiree Jerry Selbee discovers a mathematical loophole in the Massachusetts lottery and, with the help of his wife, Marge, wins $27 million dollars and uses the money to revive their small Michigan town.",https://a.ltrbxd.com/resized/film-poster/7/5/8/5/1/5/758515-jerry-marge-go-large-0-230-0-345-crop.jpg?v=107e662599,https://letterboxd.com/film/jerry-marge-go-large/
The Big Swallow,Williamson Kinematograph Company,1901,Comedy,James Williamson,N/A,Sam Dalton,3.6,N/A,"A man, objecting to being filmed, comes closer and closer to the camera lens until his mouth is all we see. Then he opens wide and swallows camera and cinematographer. He steps back, chews, and grins.",https://a.ltrbxd.com/resized/film-poster/7/9/3/6/7/79367-the-big-swallow-0-230-0-345-crop.jpg?v=b06ece1bd1,https://letterboxd.com/film/the-big-swallow/
L'Argent,"Marion's Films, Eôs Films, France 3 Cinéma",1983,"Drama, Crime",Robert Bresson,"Jean-Marc Henchoz, Daniel Toscan du Plantier","Christian Patey, Vincent Risterucci, Sylvie Van Den Elsen, Michel Briguet, Caroline Lang, Marc Ernest Fourneau, Jean-Frédéric Ducasse, Didier Baussy, Jeanne Aptekman, François-Marie Banier, Alain Aptekman, Gilles Durieux",4.0,85,"A forged 500-franc note is passed from person to person and shop to shop, until it falls into the hands of a genuine innocent who doesn’t see it for what it is—which will have devastating consequences on his life.",https://a.ltrbxd.com/resized/film-poster/2/2/9/5/4/22954-l-argent-0-230-0-345-crop.jpg?v=3d088030ca,https://letterboxd.com/film/largent-1983/
